paperID,1994,1995,1996,1997,1998,1999,2000,2001,2002
119407003,0,0,0,0,0,0,0,0,0
119407006,0,0,0,0,0,0,0,0,0
119407007,0,0,0,0,0,0,0,0,0
119407008,0,0,0,0,0,0,0,0,0
119407010,0,0,0,0,0,0,0,0,0
119407013,0,0,0,0,0,0,0,0,0
119407014,0,0,0,0,0,0,0,0,0
119407017,0,0,0,0,0,0,0,0,0
119407021,0,0,0,0,0,0,0,0,0
119407025,0,0,0,0,0,0,0,0,0
119407027,0,0,0,0,0,0,0,0,0
119407029,0,0,0,0,0,0,0,0,0
119407033,0,0,0,0,0,0,0,0,0
119407034,0,0,0,0,0,0,0,0,0
119407036,0,0,0,0,0,0,0,0,0
119407039,0,0,0,0,0,0,0,0,0
119407040,0,0,0,0,0,0,0,0,0
119407044,0,0,0,0,0,0,0,0,0
119407056,0,0,0,0,0,0,0,0,0
119407062,0,0,0,0,0,0,0,0,0
119407078,0,0,0,0,0,0,0,0,0
119407085,0,0,0,0,0,0,0,0,0
119407087,0,0,0,0,0,0,0,0,0
119407123,0,0,0,0,0,0,0,0,0
119407125,0,0,0,0,0,0,0,0,0
119407143,0,0,0,0,0,0,0,0,0
119407162,0,0,0,0,0,0,0,0,0
119407168,0,0,0,0,0,0,0,0,0
119407185,0,0,0,0,0,0,0,0,0
119408002,0,0,0,0,0,0,0,0,0
119408004,0,0,0,0,0,0,0,0,0
119408005,0,0,0,0,0,0,0,0,0
119408006,0,0,0,0,0,0,0,0,0
119408007,0,0,0,0,0,0,0,0,0
119408010,0,0,0,0,0,0,0,0,0
119408012,0,0,0,0,0,0,0,0,0
119408013,0,0,0,0,0,0,0,0,0
119408016,0,0,0,0,0,0,0,0,0
119408022,0,0,0,0,0,0,0,0,0
119408023,0,0,0,0,0,0,0,0,0
119408027,0,0,0,0,0,0,0,0,0
119408029,0,0,0,0,0,0,0,0,0
119408034,0,0,0,0,0,0,0,0,0
119408035,0,0,0,0,0,0,0,0,0
119408043,0,0,0,0,0,0,0,0,0
119408044,0,0,0,0,0,0,0,0,0
119408055,0,0,0,0,0,0,0,0,0
119408066,0,0,0,0,0,0,0,0,0
119408076,0,0,0,0,0,0,0,0,0
119408078,0,0,0,0,0,0,0,0,0
119408081,0,0,0,0,0,0,0,0,0
119408099,0,0,0,0,0,0,0,0,0
119408100,0,0,0,0,0,0,0,0,0
119408102,0,0,0,0,0,0,0,0,0
119408120,0,0,0,0,0,0,0,0,0
119408132,0,0,0,0,0,0,0,0,0
119408155,0,0,0,0,0,0,0,0,0
119409002,0,0,0,0,0,0,0,0,0
119409003,0,0,0,0,0,0,0,0,0
119409006,0,0,0,0,0,0,0,0,0
119409008,0,0,0,0,0,0,0,0,0
119409009,0,0,0,0,0,0,0,0,0
119409010,0,0,0,0,0,0,0,0,0
119409012,0,0,0,0,0,0,0,0,0
119409017,0,0,0,0,0,0,0,0,0
119409033,0,0,0,0,0,0,0,0,0
119409042,0,0,0,0,0,0,0,0,0
119409048,0,0,0,0,0,0,0,0,0
119409049,0,0,0,0,0,0,0,0,0
119409050,0,0,0,0,0,0,0,0,0
119409055,0,0,0,0,0,0,0,0,0
119409082,0,0,0,0,0,0,0,0,0
119409083,0,0,0,0,0,0,0,0,0
119409084,0,0,0,0,0,0,0,0,0
119409095,0,0,0,0,0,0,0,0,0
119409096,0,0,0,0,0,0,0,0,0
119409099,0,0,0,0,0,0,0,0,0
119409109,0,0,0,0,0,0,0,0,0
119409112,0,0,0,0,0,0,0,0,0
119409113,0,0,0,0,0,0,0,0,0
119409114,0,0,0,0,0,0,0,0,0
119409128,0,0,0,0,0,0,0,0,0
119409134,0,0,0,0,0,0,0,0,0
119409151,0,0,0,0,0,0,0,0,0
119409198,0,0,0,0,0,0,0,0,0
9405288,0,0,0,0,0,0,0,0,0
9405293,0,0,0,0,0,0,0,0,0
119410001,0,0,0,0,0,0,0,0,0
119410005,0,0,0,0,0,0,0,0,0
119410007,0,0,0,0,0,0,0,0,0
119410010,0,0,0,0,0,0,0,0,0
119410012,0,0,0,0,0,0,0,0,0
119410013,0,0,0,0,0,0,0,0,0
119410016,0,0,0,0,0,0,0,0,0
119410018,0,0,0,0,0,0,0,0,0
119410021,0,0,0,0,0,0,0,0,0
119410032,0,0,0,0,0,0,0,0,0
119410038,0,0,0,0,0,0,0,0,0
119410040,0,0,0,0,0,0,0,0,0
119410046,0,0,0,0,0,0,0,0,0
119410062,0,0,0,0,0,0,0,0,0
119410067,0,0,0,0,0,0,0,0,0
119410080,0,0,0,0,0,0,0,0,0
119410082,0,0,0,0,0,0,0,0,0
119410094,0,0,0,0,0,0,0,0,0
119410095,0,0,0,0,0,0,0,0,0
119410097,0,0,0,0,0,0,0,0,0
119410100,0,0,0,0,0,0,0,0,0
9405318,0,0,0,0,0,0,0,0,0
119410118,0,0,0,0,0,0,0,0,0
119410129,0,0,0,0,0,0,0,0,0
9405326,0,0,0,0,0,0,0,0,0
9405327,0,0,0,0,0,0,0,0,0
9405328,0,0,0,0,0,0,0,0,0
119410159,0,0,0,0,0,0,0,0,0
119410206,0,0,0,0,0,0,0,0,0
119410210,0,0,0,0,0,0,0,0,0
119410212,0,0,0,0,0,0,0,0,0
119410223,0,0,0,0,0,0,0,0,0
119410231,0,0,0,0,0,0,0,0,0
9405343,0,0,0,0,0,0,0,0,0
119410242,0,0,0,0,0,0,0,0,0
9405351,0,0,0,0,0,0,0,0,0
9405368,0,0,0,0,0,0,0,0,0
119411005,0,0,0,0,0,0,0,0,0
119411007,0,0,0,0,0,0,0,0,0
119411008,0,0,0,0,0,0,0,0,0
119411010,0,0,0,0,0,0,0,0,0
119411015,0,0,0,0,0,0,0,0,0
119411016,0,0,0,0,0,0,0,0,0
119411017,0,0,0,0,0,0,0,0,0
119411019,0,0,0,0,0,0,0,0,0
119411020,0,0,0,0,0,0,0,0,0
119411021,0,0,0,0,0,0,0,0,0
119411022,0,0,0,0,0,0,0,0,0
119411029,0,0,0,0,0,0,0,0,0
119411030,0,0,0,0,0,0,0,0,0
119411031,0,0,0,0,0,0,0,0,0
119411033,0,0,0,0,0,0,0,0,0
119411037,0,0,0,0,0,0,0,0,0
119411038,0,0,0,0,0,0,0,0,0
119411047,0,0,0,0,0,0,0,0,0
119411049,0,0,0,0,0,0,0,0,0
119411051,0,0,0,0,0,0,0,0,0
119411052,0,0,0,0,0,0,0,0,0
119411059,0,0,0,0,0,0,0,0,0
119411065,0,0,0,0,0,0,0,0,0
119411067,0,0,0,0,0,0,0,0,0
119411073,0,0,0,0,0,0,0,0,0
119411080,0,0,0,0,0,0,0,0,0
119411081,0,0,0,0,0,0,0,0,0
119411091,0,0,0,0,0,0,0,0,0
119411097,0,0,0,0,0,0,0,0,0
119411102,0,0,0,0,0,0,0,0,0
119411107,0,0,0,0,0,0,0,0,0
119411108,0,0,0,0,0,0,0,0,0
119411111,0,0,0,0,0,0,0,0,0
119411112,0,0,0,0,0,0,0,0,0
119411123,0,0,0,0,0,0,0,0,0
119411130,0,0,0,0,0,0,0,0,0
119411133,0,0,0,0,0,0,0,0,0
119411149,0,0,0,0,0,0,0,0,0
119411151,0,0,0,0,0,0,0,0,0
119411164,0,0,0,0,0,0,0,0,0
119411177,0,0,0,0,0,0,0,0,0
119411201,0,0,0,0,0,0,0,0,0
119411228,0,0,0,0,0,0,0,0,0
119411230,0,0,0,0,0,0,0,0,0
119411231,0,0,0,0,0,0,0,0,0
119411239,0,0,0,0,0,0,0,0,0
119412002,0,0,0,0,0,0,0,0,0
119412006,0,0,0,0,0,0,0,0,0
119412009,0,0,0,0,0,0,0,0,0
119412012,0,0,0,0,0,0,0,0,0
119412013,0,0,0,0,0,0,0,0,0
119412016,0,0,0,0,0,0,0,0,0
119412017,0,0,0,0,0,0,0,0,0
119412018,0,0,0,0,0,0,0,0,0
119412025,0,0,0,0,0,0,0,0,0
119412026,0,0,0,0,0,0,0,0,0
119412029,0,0,0,0,0,0,0,0,0
119412031,0,0,0,0,0,0,0,0,0
119412032,0,0,0,0,0,0,0,0,0
119412036,0,0,0,0,0,0,0,0,0
119412039,0,0,0,0,0,0,0,0,0
119412040,0,0,0,0,0,0,0,0,0
119412042,0,0,0,0,0,0,0,0,0
119412045,0,0,0,0,0,0,0,0,0
119412046,0,0,0,0,0,0,0,0,0
119412052,0,0,0,0,0,0,0,0,0
119412055,0,0,0,0,0,0,0,0,0
119412056,0,0,0,0,0,0,0,0,0
119412057,0,0,0,0,0,0,0,0,0
119412059,0,0,0,0,0,0,0,0,0
119412063,0,0,0,0,0,0,0,0,0
119412068,0,0,0,0,0,0,0,0,0
119412075,0,0,0,0,0,0,0,0,0
119412083,0,0,0,0,0,0,0,0,0
119412087,0,0,0,0,0,0,0,0,0
119412091,0,0,0,0,0,0,0,0,0
119412125,0,0,0,0,0,0,0,0,0
119412133,0,0,0,0,0,0,0,0,0
119412155,0,0,0,0,0,0,0,0,0
119412165,0,0,0,0,0,0,0,0,0
119412173,0,0,0,0,0,0,0,0,0
119412186,0,0,0,0,0,0,0,0,0
119412188,0,0,0,0,0,0,0,0,0
119412201,0,0,0,0,0,0,0,0,0
119412204,0,0,0,0,0,0,0,0,0
119412205,0,0,0,0,0,0,0,0,0
9406277,0,0,0,0,0,0,0,0,0
9406279,0,0,0,0,0,0,0,0,0
9406280,0,0,0,0,0,0,0,0,0
9406281,0,0,0,0,0,0,0,0,0
9406291,0,0,0,0,0,0,0,0,0
9406292,0,0,0,0,0,0,0,0,0
9406293,0,0,0,0,0,0,0,0,0
9406296,0,0,0,0,0,0,0,0,0
9406297,0,0,0,0,0,0,0,0,0
9406310,0,0,0,0,0,0,0,0,0
9406311,0,0,0,0,0,0,0,0,0
9406326,0,0,0,0,0,0,0,0,0
9406333,0,0,0,0,0,0,0,0,0
9406340,0,0,0,0,0,0,0,0,0
9407247,0,0,0,0,0,0,0,0,0
9407248,0,0,0,0,0,0,0,0,0
9407249,0,0,0,0,0,0,0,0,0
9407250,0,0,0,0,0,0,0,0,0
9407251,0,0,0,0,0,0,0,0,0
9407252,0,0,0,0,0,0,0,0,0
9407254,0,0,0,0,0,0,0,0,0
9407255,0,0,0,0,0,0,0,0,0
9407256,0,0,0,0,0,0,0,0,0
9407257,0,0,0,0,0,0,0,0,0
9407258,0,0,0,0,0,0,0,0,0
9407259,0,0,0,0,0,0,0,0,0
9407260,0,0,0,0,0,0,0,0,0
9407261,0,0,0,0,0,0,0,0,0
9407262,0,0,0,0,0,0,0,0,0
9407263,0,0,0,0,0,0,0,0,0
9407264,0,0,0,0,0,0,0,0,0
9407265,0,0,0,0,0,0,0,0,0
9407266,0,0,0,0,0,0,0,0,0
9407267,0,0,0,0,0,0,0,0,0
9407268,0,0,0,0,0,0,0,0,0
9407269,0,0,0,0,0,0,0,0,0
9407270,0,0,0,0,0,0,0,0,0
9407271,0,0,0,0,0,0,0,0,0
9407272,0,0,0,0,0,0,0,0,0
9407273,0,0,0,0,0,0,0,0,0
9407274,0,0,0,0,0,0,0,0,0
9407275,0,0,0,0,0,0,0,0,0
9407276,0,0,0,0,0,0,0,0,0
9407277,0,0,0,0,0,0,0,0,0
9407278,0,0,0,0,0,0,0,0,0
9407279,0,0,0,0,0,0,0,0,0
9407280,0,0,0,0,0,0,0,0,0
9407281,0,0,0,0,0,0,0,0,0
9407282,0,0,0,0,0,0,0,0,0
9407283,0,0,0,0,0,0,0,0,0
9407284,0,0,0,0,0,0,0,0,0
9407285,0,0,0,0,0,0,0,0,0
9407286,0,0,0,0,0,0,0,0,0
9407287,0,0,0,0,0,0,0,0,0
9407288,0,0,0,0,0,0,0,0,0
9407289,0,0,0,0,0,0,0,0,0
9407290,0,0,0,0,0,0,0,0,0
9407291,0,0,0,0,0,0,0,0,0
9407292,0,0,0,0,0,0,0,0,0
9407293,0,0,0,0,0,0,0,0,0
9407294,0,0,0,0,0,0,0,0,0
9407295,0,0,0,0,0,0,0,0,0
9407296,0,0,0,0,0,0,0,0,0
9407297,0,0,0,0,0,0,0,0,0
9407298,0,0,0,0,0,0,0,0,0
9407299,0,0,0,0,0,0,0,0,0
9407300,0,0,0,0,0,0,0,0,0
9407301,0,0,0,0,0,0,0,0,0
9407302,0,0,0,0,0,0,0,0,0
9407303,0,0,0,0,0,0,0,0,0
9407304,0,0,0,0,0,0,0,0,0
9407305,0,0,0,0,0,0,0,0,0
9407306,0,0,0,0,0,0,0,0,0
9407307,0,0,0,0,0,0,0,0,0
9407308,0,0,0,0,0,0,0,0,0
9407309,0,0,0,0,0,0,0,0,0
9407310,0,0,0,0,0,0,0,0,0
9407311,0,0,0,0,0,0,0,0,0
9407312,0,0,0,0,0,0,0,0,0
9407313,0,0,0,0,0,0,0,0,0
9407314,0,0,0,0,0,0,0,0,0
9407315,0,0,0,0,0,0,0,0,0
9407316,0,0,0,0,0,0,0,0,0
9407317,0,0,0,0,0,0,0,0,0
9407318,0,0,0,0,0,0,0,0,0
9407319,0,0,0,0,0,0,0,0,0
9407320,0,0,0,0,0,0,0,0,0
9407321,0,0,0,0,0,0,0,0,0
9407322,0,0,0,0,0,0,0,0,0
9407323,0,0,0,0,0,0,0,0,0
9407324,0,0,0,0,0,0,0,0,0
9407325,0,0,0,0,0,0,0,0,0
9407326,0,0,0,0,0,0,0,0,0
9407327,0,0,0,0,0,0,0,0,0
9407328,0,0,0,0,0,0,0,0,0
9407329,0,0,0,0,0,0,0,0,0
9407330,0,0,0,0,0,0,0,0,0
9407331,0,0,0,0,0,0,0,0,0
9407332,0,0,0,0,0,0,0,0,0
9407333,0,0,0,0,0,0,0,0,0
9407334,0,0,0,0,0,0,0,0,0
9407335,0,0,0,0,0,0,0,0,0
9407336,0,0,0,0,0,0,0,0,0
9407337,0,0,0,0,0,0,0,0,0
9407338,0,0,0,0,0,0,0,0,0
9407339,0,0,0,0,0,0,0,0,0
9407340,0,0,0,0,0,0,0,0,0
9407341,0,0,0,0,0,0,0,0,0
9407342,0,0,0,0,0,0,0,0,0
9407343,0,0,0,0,0,0,0,0,0
9407344,0,0,0,0,0,0,0,0,0
9407345,0,0,0,0,0,0,0,0,0
9407347,0,0,0,0,0,0,0,0,0
9407348,0,0,0,0,0,0,0,0,0
9407351,0,0,0,0,0,0,0,0,0
9407352,0,0,0,0,0,0,0,0,0
9407354,0,0,0,0,0,0,0,0,0
9407357,0,0,0,0,0,0,0,0,0
9407358,0,0,0,0,0,0,0,0,0
9407359,0,0,0,0,0,0,0,0,0
9407360,0,0,0,0,0,0,0,0,0
9407362,0,0,0,0,0,0,0,0,0
9407365,0,0,0,0,0,0,0,0,0
9407369,0,0,0,0,0,0,0,0,0
9407371,0,0,0,0,0,0,0,0,0
9407372,0,0,0,0,0,0,0,0,0
9407373,0,0,0,0,0,0,0,0,0
9407374,0,0,0,0,0,0,0,0,0
9407375,0,0,0,0,0,0,0,0,0
9407379,0,0,0,0,0,0,0,0,0
9407380,0,0,0,0,0,0,0,0,0
9407382,0,0,0,0,0,0,0,0,0
9407385,0,0,0,0,0,0,0,0,0
9407386,0,0,0,0,0,0,0,0,0
9407390,0,0,0,0,0,0,0,0,0
9407398,0,0,0,0,0,0,0,0,0
9408201,0,0,0,0,0,0,0,0,0
9408202,0,0,0,0,0,0,0,0,0
9408203,0,0,0,0,0,0,0,0,0
9408204,0,0,0,0,0,0,0,0,0
9408205,0,0,0,0,0,0,0,0,0
9408206,0,0,0,0,0,0,0,0,0
9408207,0,0,0,0,0,0,0,0,0
9408208,0,0,0,0,0,0,0,0,0
9408209,0,0,0,0,0,0,0,0,0
9408210,0,0,0,0,0,0,0,0,0
9408211,0,0,0,0,0,0,0,0,0
9408212,0,0,0,0,0,0,0,0,0
9408214,0,0,0,0,0,0,0,0,0
9408215,0,0,0,0,0,0,0,0,0
9408216,0,0,0,0,0,0,0,0,0
9408217,0,0,0,0,0,0,0,0,0
9408218,0,0,0,0,0,0,0,0,0
9408219,0,0,0,0,0,0,0,0,0
9408220,0,0,0,0,0,0,0,0,0
9408221,0,0,0,0,0,0,0,0,0
9408222,0,0,0,0,0,0,0,0,0
9408223,0,0,0,0,0,0,0,0,0
9408224,0,0,0,0,0,0,0,0,0
9408225,0,0,0,0,0,0,0,0,0
9408226,0,0,0,0,0,0,0,0,0
9408227,0,0,0,0,0,0,0,0,0
9408228,0,0,0,0,0,0,0,0,0
9408229,0,0,0,0,0,0,0,0,0
9408230,0,0,0,0,0,0,0,0,0
9408231,0,0,0,0,0,0,0,0,0
9408232,0,0,0,0,0,0,0,0,0
9408233,0,0,0,0,0,0,0,0,0
9408234,0,0,0,0,0,0,0,0,0
9408235,0,0,0,0,0,0,0,0,0
9408236,0,0,0,0,0,0,0,0,0
9408237,0,0,0,0,0,0,0,0,0
9408238,0,0,0,0,0,0,0,0,0
9408239,0,0,0,0,0,0,0,0,0
9408240,0,0,0,0,0,0,0,0,0
9408241,0,0,0,0,0,0,0,0,0
9408242,0,0,0,0,0,0,0,0,0
9408243,0,0,0,0,0,0,0,0,0
9408244,0,0,0,0,0,0,0,0,0
9408245,0,0,0,0,0,0,0,0,0
9408246,0,0,0,0,0,0,0,0,0
9408247,0,0,0,0,0,0,0,0,0
9408248,0,0,0,0,0,0,0,0,0
9408249,0,0,0,0,0,0,0,0,0
9408250,0,0,0,0,0,0,0,0,0
9408251,0,0,0,0,0,0,0,0,0
9408252,0,0,0,0,0,0,0,0,0
9408253,0,0,0,0,0,0,0,0,0
9408254,0,0,0,0,0,0,0,0,0
9408255,0,0,0,0,0,0,0,0,0
9408256,0,0,0,0,0,0,0,0,0
9408257,0,0,0,0,0,0,0,0,0
9408258,0,0,0,0,0,0,0,0,0
9408259,0,0,0,0,0,0,0,0,0
9408260,0,0,0,0,0,0,0,0,0
9408261,0,0,0,0,0,0,0,0,0
9408262,0,0,0,0,0,0,0,0,0
9408263,0,0,0,0,0,0,0,0,0
9408264,0,0,0,0,0,0,0,0,0
9408265,0,0,0,0,0,0,0,0,0
9408266,0,0,0,0,0,0,0,0,0
9408267,0,0,0,0,0,0,0,0,0
9408268,0,0,0,0,0,0,0,0,0
9408269,0,0,0,0,0,0,0,0,0
9408270,0,0,0,0,0,0,0,0,0
9408271,0,0,0,0,0,0,0,0,0
9408272,0,0,0,0,0,0,0,0,0
9408273,0,0,0,0,0,0,0,0,0
9408274,0,0,0,0,0,0,0,0,0
9408275,0,0,0,0,0,0,0,0,0
9408276,0,0,0,0,0,0,0,0,0
9408277,0,0,0,0,0,0,0,0,0
9408278,0,0,0,0,0,0,0,0,0
9408279,0,0,0,0,0,0,0,0,0
9408280,0,0,0,0,0,0,0,0,0
9408281,0,0,0,0,0,0,0,0,0
9408282,0,0,0,0,0,0,0,0,0
9408283,0,0,0,0,0,0,0,0,0
9408284,0,0,0,0,0,0,0,0,0
9408285,0,0,0,0,0,0,0,0,0
9408286,0,0,0,0,0,0,0,0,0
9408287,0,0,0,0,0,0,0,0,0
9408288,0,0,0,0,0,0,0,0,0
9408289,0,0,0,0,0,0,0,0,0
9408290,0,0,0,0,0,0,0,0,0
9408291,0,0,0,0,0,0,0,0,0
9408292,0,0,0,0,0,0,0,0,0
9408293,0,0,0,0,0,0,0,0,0
9408294,0,0,0,0,0,0,0,0,0
9408295,0,0,0,0,0,0,0,0,0
9408296,0,0,0,0,0,0,0,0,0
9408297,0,0,0,0,0,0,0,0,0
9408298,0,0,0,0,0,0,0,0,0
9408299,0,0,0,0,0,0,0,0,0
9408300,0,0,0,0,0,0,0,0,0
9408301,0,0,0,0,0,0,0,0,0
9408302,0,0,0,0,0,0,0,0,0
9408303,0,0,0,0,0,0,0,0,0
9408304,0,0,0,0,0,0,0,0,0
9408305,0,0,0,0,0,0,0,0,0
9408306,0,0,0,0,0,0,0,0,0
9408307,0,0,0,0,0,0,0,0,0
9408308,0,0,0,0,0,0,0,0,0
9408309,0,0,0,0,0,0,0,0,0
9408310,0,0,0,0,0,0,0,0,0
9408311,0,0,0,0,0,0,0,0,0
9408312,0,0,0,0,0,0,0,0,0
9408313,0,0,0,0,0,0,0,0,0
9408314,0,0,0,0,0,0,0,0,0
9408315,0,0,0,0,0,0,0,0,0
9408316,0,0,0,0,0,0,0,0,0
9408317,0,0,0,0,0,0,0,0,0
9408318,0,0,0,0,0,0,0,0,0
9408319,0,0,0,0,0,0,0,0,0
9408320,0,0,0,0,0,0,0,0,0
9408321,0,0,0,0,0,0,0,0,0
9408322,0,0,0,0,0,0,0,0,0
9408323,0,0,0,0,0,0,0,0,0
9408324,0,0,0,0,0,0,0,0,0
9408325,0,0,0,0,0,0,0,0,0
9408326,0,0,0,0,0,0,0,0,0
9408327,0,0,0,0,0,0,0,0,0
9408328,0,0,0,0,0,0,0,0,0
9408329,0,0,0,0,0,0,0,0,0
9408330,0,0,0,0,0,0,0,0,0
9408331,0,0,0,0,0,0,0,0,0
9408332,0,0,0,0,0,0,0,0,0
9408333,0,0,0,0,0,0,0,0,0
9408334,0,0,0,0,0,0,0,0,0
9408335,0,0,0,0,0,0,0,0,0
9408336,0,0,0,0,0,0,0,0,0
9408337,0,0,0,0,0,0,0,0,0
9408339,0,0,0,0,0,0,0,0,0
9408341,0,0,0,0,0,0,0,0,0
9408343,0,0,0,0,0,0,0,0,0
9408344,0,0,0,0,0,0,0,0,0
9408346,0,0,0,0,0,0,0,0,0
9408348,0,0,0,0,0,0,0,0,0
9408349,0,0,0,0,0,0,0,0,0
9408350,0,0,0,0,0,0,0,0,0
9408351,0,0,0,0,0,0,0,0,0
9408353,0,0,0,0,0,0,0,0,0
9408354,0,0,0,0,0,0,0,0,0
9408357,0,0,0,0,0,0,0,0,0
9408358,0,0,0,0,0,0,0,0,0
9408359,0,0,0,0,0,0,0,0,0
9408360,0,0,0,0,0,0,0,0,0
9408361,0,0,0,0,0,0,0,0,0
9408362,0,0,0,0,0,0,0,0,0
9408363,0,0,0,0,0,0,0,0,0
9408364,0,0,0,0,0,0,0,0,0
9408365,0,0,0,0,0,0,0,0,0
9408366,0,0,0,0,0,0,0,0,0
9408367,0,0,0,0,0,0,0,0,0
9408368,0,0,0,0,0,0,0,0,0
9408369,0,0,0,0,0,0,0,0,0
9408371,0,0,0,0,0,0,0,0,0
9408374,0,0,0,0,0,0,0,0,0
9408375,0,0,0,0,0,0,0,0,0
9408378,0,0,0,0,0,0,0,0,0
9408379,0,0,0,0,0,0,0,0,0
9408380,0,0,0,0,0,0,0,0,0
9408381,0,0,0,0,0,0,0,0,0
9408382,0,0,0,0,0,0,0,0,0
9408383,0,0,0,0,0,0,0,0,0
9408384,0,0,0,0,0,0,0,0,0
9408385,0,0,0,0,0,0,0,0,0
9408386,0,0,0,0,0,0,0,0,0
9408387,0,0,0,0,0,0,0,0,0
9410218,0,0,0,0,0,0,0,0,0
9408389,0,0,0,0,0,0,0,0,0
9408394,0,0,0,0,0,0,0,0,0
9408396,0,0,0,0,0,0,0,0,0
9408401,0,0,0,0,0,0,0,0,0
9408406,0,0,0,0,0,0,0,0,0
9407203,0,0,0,0,0,0,0,0,0
9407204,0,0,0,0,0,0,0,0,0
9409201,0,0,0,0,0,0,0,0,0
9409202,0,0,0,0,0,0,0,0,0
9409203,0,0,0,0,0,0,0,0,0
9409204,0,0,0,0,0,0,0,0,0
9409205,0,0,0,0,0,0,0,0,0
9409206,0,0,0,0,0,0,0,0,0
9409207,0,0,0,0,0,0,0,0,0
9409208,0,0,0,0,0,0,0,0,0
9409209,0,0,0,0,0,0,0,0,0
9409210,0,0,0,0,0,0,0,0,0
9409211,0,0,0,0,0,0,0,0,0
9409212,0,0,0,0,0,0,0,0,0
9409213,0,0,0,0,0,0,0,0,0
9409214,0,0,0,0,0,0,0,0,0
9409215,0,0,0,0,0,0,0,0,0
9409216,0,0,0,0,0,0,0,0,0
9409217,0,0,0,0,0,0,0,0,0
9409218,0,0,0,0,0,0,0,0,0
9409219,0,0,0,0,0,0,0,0,0
9409220,0,0,0,0,0,0,0,0,0
9409221,0,0,0,0,0,0,0,0,0
9409222,0,0,0,0,0,0,0,0,0
9409223,0,0,0,0,0,0,0,0,0
9409224,0,0,0,0,0,0,0,0,0
9409225,0,0,0,0,0,0,0,0,0
9409226,0,0,0,0,0,0,0,0,0
9409227,0,0,0,0,0,0,0,0,0
9409228,0,0,0,0,0,0,0,0,0
9409229,0,0,0,0,0,0,0,0,0
9409230,0,0,0,0,0,0,0,0,0
9409231,0,0,0,0,0,0,0,0,0
9409232,0,0,0,0,0,0,0,0,0
9409233,0,0,0,0,0,0,0,0,0
9409234,0,0,0,0,0,0,0,0,0
9409235,0,0,0,0,0,0,0,0,0
9409236,0,0,0,0,0,0,0,0,0
9409237,0,0,0,0,0,0,0,0,0
9409239,0,0,0,0,0,0,0,0,0
9409240,0,0,0,0,0,0,0,0,0
9409241,0,0,0,0,0,0,0,0,0
9409242,0,0,0,0,0,0,0,0,0
9409243,0,0,0,0,0,0,0,0,0
9409244,0,0,0,0,0,0,0,0,0
9409245,0,0,0,0,0,0,0,0,0
9409246,0,0,0,0,0,0,0,0,0
9409247,0,0,0,0,0,0,0,0,0
9409248,0,0,0,0,0,0,0,0,0
9409249,0,0,0,0,0,0,0,0,0
9409250,0,0,0,0,0,0,0,0,0
9409251,0,0,0,0,0,0,0,0,0
9409252,0,0,0,0,0,0,0,0,0
9409253,0,0,0,0,0,0,0,0,0
9409254,0,0,0,0,0,0,0,0,0
9409255,0,0,0,0,0,0,0,0,0
9409256,0,0,0,0,0,0,0,0,0
9409257,0,0,0,0,0,0,0,0,0
9409258,0,0,0,0,0,0,0,0,0
9409259,0,0,0,0,0,0,0,0,0
9409260,0,0,0,0,0,0,0,0,0
9409261,0,0,0,0,0,0,0,0,0
9409262,0,0,0,0,0,0,0,0,0
9409263,0,0,0,0,0,0,0,0,0
9409264,0,0,0,0,0,0,0,0,0
9409265,0,0,0,0,0,0,0,0,0
9409266,0,0,0,0,0,0,0,0,0
9409267,0,0,0,0,0,0,0,0,0
9409268,0,0,0,0,0,0,0,0,0
9409269,0,0,0,0,0,0,0,0,0
9409270,0,0,0,0,0,0,0,0,0
9409271,0,0,0,0,0,0,0,0,0
9409272,0,0,0,0,0,0,0,0,0
9409273,0,0,0,0,0,0,0,0,0
9409274,0,0,0,0,0,0,0,0,0
9409275,0,0,0,0,0,0,0,0,0
9409276,0,0,0,0,0,0,0,0,0
9409277,0,0,0,0,0,0,0,0,0
9409278,0,0,0,0,0,0,0,0,0
9409279,0,0,0,0,0,0,0,0,0
9409280,0,0,0,0,0,0,0,0,0
9409281,0,0,0,0,0,0,0,0,0
9409282,0,0,0,0,0,0,0,0,0
9409283,0,0,0,0,0,0,0,0,0
9409284,0,0,0,0,0,0,0,0,0
9409285,0,0,0,0,0,0,0,0,0
9409286,0,0,0,0,0,0,0,0,0
9409287,0,0,0,0,0,0,0,0,0
9409288,0,0,0,0,0,0,0,0,0
9409289,0,0,0,0,0,0,0,0,0
9409290,0,0,0,0,0,0,0,0,0
9409291,0,0,0,0,0,0,0,0,0
9409292,0,0,0,0,0,0,0,0,0
9409293,0,0,0,0,0,0,0,0,0
9409294,0,0,0,0,0,0,0,0,0
9409295,0,0,0,0,0,0,0,0,0
9409296,0,0,0,0,0,0,0,0,0
9409297,0,0,0,0,0,0,0,0,0
9409298,0,0,0,0,0,0,0,0,0
9409299,0,0,0,0,0,0,0,0,0
9409300,0,0,0,0,0,0,0,0,0
9409301,0,0,0,0,0,0,0,0,0
9409302,0,0,0,0,0,0,0,0,0
9409303,0,0,0,0,0,0,0,0,0
9409304,0,0,0,0,0,0,0,0,0
9409305,0,0,0,0,0,0,0,0,0
9409306,0,0,0,0,0,0,0,0,0
9409307,0,0,0,0,0,0,0,0,0
9409308,0,0,0,0,0,0,0,0,0
9409309,0,0,0,0,0,0,0,0,0
9409310,0,0,0,0,0,0,0,0,0
9409311,0,0,0,0,0,0,0,0,0
9409312,0,0,0,0,0,0,0,0,0
9409313,0,0,0,0,0,0,0,0,0
9409314,0,0,0,0,0,0,0,0,0
9409315,0,0,0,0,0,0,0,0,0
9409316,0,0,0,0,0,0,0,0,0
9409317,0,0,0,0,0,0,0,0,0
9409318,0,0,0,0,0,0,0,0,0
9409319,0,0,0,0,0,0,0,0,0
9409320,0,0,0,0,0,0,0,0,0
9409321,0,0,0,0,0,0,0,0,0
9409322,0,0,0,0,0,0,0,0,0
9409323,0,0,0,0,0,0,0,0,0
9409324,0,0,0,0,0,0,0,0,0
9409325,0,0,0,0,0,0,0,0,0
9409326,0,0,0,0,0,0,0,0,0
9409327,0,0,0,0,0,0,0,0,0
9409328,0,0,0,0,0,0,0,0,0
9409329,0,0,0,0,0,0,0,0,0
9409330,0,0,0,0,0,0,0,0,0
9409331,0,0,0,0,0,0,0,0,0
9409332,0,0,0,0,0,0,0,0,0
9409333,0,0,0,0,0,0,0,0,0
9409334,0,0,0,0,0,0,0,0,0
9409335,0,0,0,0,0,0,0,0,0
9409336,0,0,0,0,0,0,0,0,0
9409337,0,0,0,0,0,0,0,0,0
9409338,0,0,0,0,0,0,0,0,0
9409339,0,0,0,0,0,0,0,0,0
9409340,0,0,0,0,0,0,0,0,0
9409341,0,0,0,0,0,0,0,0,0
9409342,0,0,0,0,0,0,0,0,0
9409343,0,0,0,0,0,0,0,0,0
9409344,0,0,0,0,0,0,0,0,0
9409345,0,0,0,0,0,0,0,0,0
9409346,0,0,0,0,0,0,0,0,0
9409347,0,0,0,0,0,0,0,0,0
9409348,0,0,0,0,0,0,0,0,0
9409349,0,0,0,0,0,0,0,0,0
9409350,0,0,0,0,0,0,0,0,0
9409351,0,0,0,0,0,0,0,0,0
9409352,0,0,0,0,0,0,0,0,0
9409353,0,0,0,0,0,0,0,0,0
9409354,0,0,0,0,0,0,0,0,0
9409355,0,0,0,0,0,0,0,0,0
9409356,0,0,0,0,0,0,0,0,0
9409357,0,0,0,0,0,0,0,0,0
9409358,0,0,0,0,0,0,0,0,0
9409359,0,0,0,0,0,0,0,0,0
9409360,0,0,0,0,0,0,0,0,0
9409361,0,0,0,0,0,0,0,0,0
9409362,0,0,0,0,0,0,0,0,0
9409363,0,0,0,0,0,0,0,0,0
9409364,0,0,0,0,0,0,0,0,0
9409365,0,0,0,0,0,0,0,0,0
9409366,0,0,0,0,0,0,0,0,0
9409367,0,0,0,0,0,0,0,0,0
9409368,0,0,0,0,0,0,0,0,0
9409369,0,0,0,0,0,0,0,0,0
9409370,0,0,0,0,0,0,0,0,0
9409371,0,0,0,0,0,0,0,0,0
9409372,0,0,0,0,0,0,0,0,0
9409373,0,0,0,0,0,0,0,0,0
9409374,0,0,0,0,0,0,0,0,0
9409375,0,0,0,0,0,0,0,0,0
9409376,0,0,0,0,0,0,0,0,0
9409377,0,0,0,0,0,0,0,0,0
9409378,0,0,0,0,0,0,0,0,0
9409381,0,0,0,0,0,0,0,0,0
9409384,0,0,0,0,0,0,0,0,0
9409389,0,0,0,0,0,0,0,0,0
9409395,0,0,0,0,0,0,0,0,0
9409398,0,0,0,0,0,0,0,0,0
9409407,0,0,0,0,0,0,0,0,0
9409408,0,0,0,0,0,0,0,0,0
9409409,0,0,0,0,0,0,0,0,0
9409414,0,0,0,0,0,0,0,0,0
9409415,0,0,0,0,0,0,0,0,0
9409425,0,0,0,0,0,0,0,0,0
9409434,0,0,0,0,0,0,0,0,0
9409437,0,0,0,0,0,0,0,0,0
9409439,0,0,0,0,0,0,0,0,0
9409459,0,0,0,0,0,0,0,0,0
9409464,0,0,0,0,0,0,0,0,0
9405244,0,0,0,0,0,0,0,0,0
9405249,0,0,0,0,0,0,0,0,0
9405256,0,0,0,0,0,0,0,0,0
9405262,0,0,0,0,0,0,0,0,0
9405264,0,0,0,0,0,0,0,0,0
9405268,0,0,0,0,0,0,0,0,0
9405279,0,0,0,0,0,0,0,0,0
9410211,0,0,0,0,0,0,0,0,0
9405373,0,0,0,0,0,0,0,0,0
9410213,0,0,0,0,0,0,0,0,0
9410220,0,0,0,0,0,0,0,0,0
9410221,0,0,0,0,0,0,0,0,0
9410227,0,0,0,0,0,0,0,0,0
9410229,0,0,0,0,0,0,0,0,0
9410231,0,0,0,0,0,0,0,0,0
9410234,0,0,0,0,0,0,0,0,0
9410236,0,0,0,0,0,0,0,0,0
9410244,0,0,0,0,0,0,0,0,0
9410245,0,0,0,0,0,0,0,0,0
9410246,0,0,0,0,0,0,0,0,0
9410247,0,0,0,0,0,0,0,0,0
9410248,0,0,0,0,0,0,0,0,0
9410249,0,0,0,0,0,0,0,0,0
9410250,0,0,0,0,0,0,0,0,0
9410251,0,0,0,0,0,0,0,0,0
9410252,0,0,0,0,0,0,0,0,0
9410253,0,0,0,0,0,0,0,0,0
9410254,0,0,0,0,0,0,0,0,0
9410255,0,0,0,0,0,0,0,0,0
9410256,0,0,0,0,0,0,0,0,0
9410257,0,0,0,0,0,0,0,0,0
9410258,0,0,0,0,0,0,0,0,0
9410259,0,0,0,0,0,0,0,0,0
9410260,0,0,0,0,0,0,0,0,0
9410261,0,0,0,0,0,0,0,0,0
9410262,0,0,0,0,0,0,0,0,0
9410263,0,0,0,0,0,0,0,0,0
9410264,0,0,0,0,0,0,0,0,0
9410265,0,0,0,0,0,0,0,0,0
9410266,0,0,0,0,0,0,0,0,0
9410267,0,0,0,0,0,0,0,0,0
9410268,0,0,0,0,0,0,0,0,0
9410269,0,0,0,0,0,0,0,0,0
9410270,0,0,0,0,0,0,0,0,0
9410271,0,0,0,0,0,0,0,0,0
9410272,0,0,0,0,0,0,0,0,0
9410273,0,0,0,0,0,0,0,0,0
9410274,0,0,0,0,0,0,0,0,0
9410275,0,0,0,0,0,0,0,0,0
9410276,0,0,0,0,0,0,0,0,0
9410277,0,0,0,0,0,0,0,0,0
9410278,0,0,0,0,0,0,0,0,0
9410279,0,0,0,0,0,0,0,0,0
9410280,0,0,0,0,0,0,0,0,0
9410281,0,0,0,0,0,0,0,0,0
9410282,0,0,0,0,0,0,0,0,0
9410283,0,0,0,0,0,0,0,0,0
9410284,0,0,0,0,0,0,0,0,0
9410285,0,0,0,0,0,0,0,0,0
9410286,0,0,0,0,0,0,0,0,0
9410287,0,0,0,0,0,0,0,0,0
9410288,0,0,0,0,0,0,0,0,0
9410289,0,0,0,0,0,0,0,0,0
9410291,0,0,0,0,0,0,0,0,0
9410292,0,0,0,0,0,0,0,0,0
9410293,0,0,0,0,0,0,0,0,0
9410294,0,0,0,0,0,0,0,0,0
9410295,0,0,0,0,0,0,0,0,0
9410296,0,0,0,0,0,0,0,0,0
9410297,0,0,0,0,0,0,0,0,0
9410298,0,0,0,0,0,0,0,0,0
9410299,0,0,0,0,0,0,0,0,0
9410300,0,0,0,0,0,0,0,0,0
9410301,0,0,0,0,0,0,0,0,0
9410302,0,0,0,0,0,0,0,0,0
9410303,0,0,0,0,0,0,0,0,0
9410304,0,0,0,0,0,0,0,0,0
9410305,0,0,0,0,0,0,0,0,0
9410306,0,0,0,0,0,0,0,0,0
9410307,0,0,0,0,0,0,0,0,0
9410308,0,0,0,0,0,0,0,0,0
9410309,0,0,0,0,0,0,0,0,0
9410310,0,0,0,0,0,0,0,0,0
9410311,0,0,0,0,0,0,0,0,0
9410312,0,0,0,0,0,0,0,0,0
9405393,0,0,0,0,0,0,0,0,0
9410313,0,0,0,0,0,0,0,0,0
9410314,0,0,0,0,0,0,0,0,0
9410315,0,0,0,0,0,0,0,0,0
9410316,0,0,0,0,0,0,0,0,0
9410317,0,0,0,0,0,0,0,0,0
9410318,0,0,0,0,0,0,0,0,0
9410319,0,0,0,0,0,0,0,0,0
9410320,0,0,0,0,0,0,0,0,0
9410321,0,0,0,0,0,0,0,0,0
9410322,0,0,0,0,0,0,0,0,0
9410323,0,0,0,0,0,0,0,0,0
9410324,0,0,0,0,0,0,0,0,0
9410325,0,0,0,0,0,0,0,0,0
9410326,0,0,0,0,0,0,0,0,0
9410327,0,0,0,0,0,0,0,0,0
9410328,0,0,0,0,0,0,0,0,0
9410329,0,0,0,0,0,0,0,0,0
9410330,0,0,0,0,0,0,0,0,0
9410331,0,0,0,0,0,0,0,0,0
9410332,0,0,0,0,0,0,0,0,0
9410333,0,0,0,0,0,0,0,0,0
9410334,0,0,0,0,0,0,0,0,0
9410335,0,0,0,0,0,0,0,0,0
9410336,0,0,0,0,0,0,0,0,0
9410337,0,0,0,0,0,0,0,0,0
9410338,0,0,0,0,0,0,0,0,0
9410339,0,0,0,0,0,0,0,0,0
9410340,0,0,0,0,0,0,0,0,0
9410341,0,0,0,0,0,0,0,0,0
9410342,0,0,0,0,0,0,0,0,0
9410343,0,0,0,0,0,0,0,0,0
9410344,0,0,0,0,0,0,0,0,0
9410345,0,0,0,0,0,0,0,0,0
9410346,0,0,0,0,0,0,0,0,0
9410347,0,0,0,0,0,0,0,0,0
9410348,0,0,0,0,0,0,0,0,0
9410349,0,0,0,0,0,0,0,0,0
9410350,0,0,0,0,0,0,0,0,0
9410351,0,0,0,0,0,0,0,0,0
9410352,0,0,0,0,0,0,0,0,0
9410353,0,0,0,0,0,0,0,0,0
9410354,0,0,0,0,0,0,0,0,0
9410355,0,0,0,0,0,0,0,0,0
9410356,0,0,0,0,0,0,0,0,0
9410357,0,0,0,0,0,0,0,0,0
9410358,0,0,0,0,0,0,0,0,0
9410359,0,0,0,0,0,0,0,0,0
9410360,0,0,0,0,0,0,0,0,0
9410361,0,0,0,0,0,0,0,0,0
9410362,0,0,0,0,0,0,0,0,0
9410363,0,0,0,0,0,0,0,0,0
9410364,0,0,0,0,0,0,0,0,0
9410365,0,0,0,0,0,0,0,0,0
9410366,0,0,0,0,0,0,0,0,0
9410367,0,0,0,0,0,0,0,0,0
9410368,0,0,0,0,0,0,0,0,0
9410369,0,0,0,0,0,0,0,0,0
9410370,0,0,0,0,0,0,0,0,0
9410371,0,0,0,0,0,0,0,0,0
9410372,0,0,0,0,0,0,0,0,0
9405405,0,0,0,0,0,0,0,0,0
9410373,0,0,0,0,0,0,0,0,0
9410374,0,0,0,0,0,0,0,0,0
9410375,0,0,0,0,0,0,0,0,0
9410376,0,0,0,0,0,0,0,0,0
9410377,0,0,0,0,0,0,0,0,0
9410378,0,0,0,0,0,0,0,0,0
9410379,0,0,0,0,0,0,0,0,0
9410380,0,0,0,0,0,0,0,0,0
9410381,0,0,0,0,0,0,0,0,0
9410382,0,0,0,0,0,0,0,0,0
9410383,0,0,0,0,0,0,0,0,0
9410384,0,0,0,0,0,0,0,0,0
9410385,0,0,0,0,0,0,0,0,0
9410386,0,0,0,0,0,0,0,0,0
9410387,0,0,0,0,0,0,0,0,0
9410388,0,0,0,0,0,0,0,0,0
9410389,0,0,0,0,0,0,0,0,0
9410390,0,0,0,0,0,0,0,0,0
9410391,0,0,0,0,0,0,0,0,0
9410392,0,0,0,0,0,0,0,0,0
9410393,0,0,0,0,0,0,0,0,0
9410394,0,0,0,0,0,0,0,0,0
9410395,0,0,0,0,0,0,0,0,0
9410396,0,0,0,0,0,0,0,0,0
9410397,0,0,0,0,0,0,0,0,0
9410398,0,0,0,0,0,0,0,0,0
9410399,0,0,0,0,0,0,0,0,0
9410402,0,0,0,0,0,0,0,0,0
9410406,0,0,0,0,0,0,0,0,0
9410407,0,0,0,0,0,0,0,0,0
9405418,0,0,0,0,0,0,0,0,0
9411201,0,0,0,0,0,0,0,0,0
9411203,0,1,1,1,1,2,2,2,2
9411204,0,0,0,0,0,0,0,0,0
9411206,0,0,0,0,0,0,0,0,0
9411208,0,0,0,0,0,0,0,0,0
9411213,0,0,0,0,0,0,0,0,0
9411214,0,0,0,0,1,1,1,1,1
9411215,0,0,0,0,0,0,0,0,0
9411216,0,0,0,0,0,0,0,0,0
9411217,0,0,0,0,0,0,0,0,0
9411218,1,1,1,1,1,1,1,1,1
9411225,0,0,0,0,0,0,0,0,0
9411227,0,0,0,0,0,0,0,0,0
9411228,0,0,0,0,0,0,0,0,0
9411229,0,0,0,0,0,0,2,2,2
9411230,0,0,1,1,1,1,1,1,1
9411231,0,0,0,0,1,1,2,2,2
9411233,0,0,0,0,0,0,0,0,0
9411235,0,0,0,0,1,1,1,2,2
9411239,0,0,0,0,0,0,0,0,0
9411243,0,0,0,0,0,0,0,0,0
9411244,0,0,0,0,0,0,0,0,0
9411245,0,0,0,0,0,0,0,0,0
9411246,0,0,0,0,0,0,0,0,0
9411247,0,0,0,0,0,0,0,0,0
9411248,0,0,0,0,0,0,0,0,0
9411249,0,0,0,0,0,0,0,0,0
9411250,0,0,0,0,0,0,0,0,0
9411251,0,0,0,0,0,0,0,0,0
9411252,0,0,0,0,0,0,0,0,0
9411253,0,0,0,0,0,0,0,0,0
9411254,0,0,0,0,0,0,0,0,0
9411255,0,0,0,0,0,0,0,0,0
9411256,0,0,0,0,0,0,0,0,0
9411257,0,0,0,0,0,0,0,0,0
9411258,0,0,0,0,0,0,0,0,0
9411259,0,0,0,0,0,0,0,0,0
9411260,0,0,0,0,0,0,0,0,0
9411261,0,0,0,0,0,0,0,0,0
9411262,0,0,0,0,0,0,0,0,0
9411263,0,0,0,0,0,0,0,0,0
9411264,0,0,0,0,0,0,0,0,0
9411265,0,0,0,0,0,0,0,0,0
9411266,0,0,0,0,0,0,0,0,0
9411267,0,0,0,0,0,0,0,0,0
9411268,0,0,0,0,0,0,0,0,0
9411269,0,0,0,0,0,0,0,0,0
9411270,0,0,0,0,0,0,0,0,0
9411271,0,0,0,0,0,0,0,0,0
9411272,0,0,0,0,0,0,0,0,0
9411273,0,0,0,0,0,0,0,0,0
9411274,0,0,0,0,0,0,0,0,0
9411275,0,0,0,0,0,0,0,0,0
9411276,0,0,0,0,0,0,0,0,0
9411277,0,0,0,0,0,0,0,0,0
9411278,0,0,0,0,0,0,0,0,0
9411279,0,0,0,0,0,0,0,0,0
9411280,0,0,0,0,0,0,0,0,0
9411281,0,0,0,0,0,0,0,0,0
9411282,0,0,0,0,0,0,0,0,0
9411283,0,0,0,0,0,0,0,0,0
9411284,0,0,0,0,0,0,0,0,0
9411285,0,0,0,0,0,0,0,0,0
9411286,0,0,0,0,0,0,0,0,0
9411287,0,0,0,0,0,0,0,0,0
9411288,0,0,0,0,0,0,0,0,0
9411289,0,0,0,0,0,0,0,0,0
9411290,0,0,0,0,0,0,0,0,0
9411291,0,0,0,0,0,0,0,0,0
9411292,0,0,0,0,0,0,0,0,0
9411293,0,0,0,0,0,0,0,0,0
9411294,0,0,0,0,0,0,0,0,0
9411295,0,0,0,0,0,0,0,0,0
9411296,0,0,0,0,0,0,0,0,0
9411297,0,0,0,0,0,0,0,0,0
9411298,0,0,0,0,0,0,0,0,0
9411299,0,0,0,0,0,0,0,0,0
9411300,0,0,0,0,0,0,0,0,0
9411301,0,0,0,0,0,0,0,0,0
9411302,0,0,0,0,0,0,0,0,0
9411303,0,0,0,0,0,0,0,0,0
9411304,0,0,0,0,0,0,0,0,0
9411305,0,0,0,0,0,0,0,0,0
9411306,0,0,0,0,0,0,0,0,0
9411307,0,0,0,0,0,0,0,0,0
9411308,0,0,0,0,0,0,0,0,0
9411309,0,0,0,0,0,0,0,0,0
9411310,0,0,0,0,0,0,0,0,0
9411311,0,0,0,0,0,0,0,0,0
9411312,0,0,0,0,0,0,0,0,0
9411313,0,0,0,0,0,0,0,0,0
9411314,0,0,0,0,0,0,0,0,0
9411315,0,0,0,0,0,0,0,0,0
9411316,0,0,0,0,0,0,0,0,0
9411317,0,0,0,0,0,0,0,0,0
9411318,0,0,0,0,0,0,0,0,0
9411319,0,0,0,0,0,0,0,0,0
9411320,0,0,0,0,0,0,0,0,0
9411321,0,0,0,0,0,0,0,0,0
9411322,0,0,0,0,0,0,0,0,0
9411323,0,0,0,0,0,0,0,0,0
9411324,0,0,0,0,0,0,0,0,0
9411325,0,0,0,0,0,0,0,0,0
9411326,0,0,0,0,0,0,0,0,0
9411327,0,0,0,0,0,0,0,0,0
9411328,0,0,0,0,0,0,0,0,0
9411329,0,0,0,0,0,0,0,0,0
9411332,0,0,0,0,0,0,0,0,0
9411342,0,0,0,0,0,0,0,0,0
9411343,0,0,0,0,0,0,0,0,0
9411344,0,0,0,0,0,0,0,0,0
9411362,0,0,0,0,0,0,0,0,0
9411363,0,0,0,0,0,0,0,0,0
9411364,0,0,0,0,0,0,0,0,0
9411365,0,0,0,0,0,0,0,0,0
9411433,0,0,0,0,0,0,0,0,0
9407225,0,0,0,0,0,0,0,0,0
9407228,0,0,0,0,0,0,0,0,0
9412203,0,3,3,4,4,4,4,5,5
9412223,0,0,0,0,0,0,0,0,0
9412225,0,0,0,0,0,0,0,0,0
9412230,0,0,0,0,0,0,0,0,0
9412231,0,0,0,0,0,0,0,0,0
9412233,0,0,0,0,0,0,0,0,0
9412234,0,0,0,0,0,0,0,0,0
9412238,0,0,0,0,0,0,0,0,0
9412240,0,0,0,0,0,0,0,0,0
9412243,0,0,0,0,0,0,0,0,0
9412245,0,0,0,0,0,0,0,0,0
9412246,0,0,0,0,0,0,0,0,0
9412247,0,0,0,0,0,0,0,0,0
9412248,0,0,0,0,0,0,0,0,0
9412249,0,0,0,0,0,0,0,0,0
9412250,0,0,0,0,0,0,0,0,0
9412251,0,0,0,0,0,0,0,0,0
9412252,0,0,0,0,0,0,0,0,0
9412253,0,0,0,0,0,0,0,0,0
9412254,0,0,0,0,0,0,0,0,0
9412255,0,0,0,0,0,0,0,0,0
9412256,0,0,0,0,0,0,0,0,0
9412257,0,0,0,0,0,0,0,0,0
9412258,0,0,0,0,0,0,0,0,0
9412259,0,0,0,0,0,0,0,0,0
9412260,0,0,0,0,0,0,0,0,0
9412261,0,0,0,0,0,0,0,0,0
9412262,0,0,0,0,0,0,0,0,0
9412263,0,0,0,0,0,0,0,0,0
9412264,0,0,0,0,0,0,0,0,0
9412265,0,0,0,0,0,0,0,0,0
9412266,0,0,0,0,0,0,0,0,0
9412267,0,0,0,0,0,0,0,0,0
9412268,0,0,0,0,0,0,0,0,0
9412269,0,0,0,0,0,0,0,0,0
9412270,0,0,0,0,0,0,0,0,0
9412271,0,0,0,0,0,0,0,0,0
9412272,0,0,0,0,0,0,0,0,0
9412273,0,0,0,0,0,0,0,0,0
9412274,0,0,0,0,0,0,0,0,0
9412275,0,0,0,0,0,0,0,0,0
9412276,0,0,0,0,0,0,0,0,0
9412277,0,0,0,0,0,0,0,0,0
9412278,0,0,0,0,0,0,0,0,0
9412279,0,0,0,0,0,0,0,0,0
9412280,0,0,0,0,0,0,0,0,0
9412281,0,0,0,0,0,0,0,0,0
9412282,0,0,0,0,0,0,0,0,0
9412283,0,0,0,0,0,0,0,0,0
9412284,0,0,0,0,0,0,0,0,0
9412285,0,0,0,0,0,0,0,0,0
9412286,0,0,0,0,0,0,0,0,0
9412287,0,0,0,0,0,0,0,0,0
9412288,0,0,0,0,0,0,0,0,0
9412289,0,0,0,0,0,0,0,0,0
9412290,0,0,0,0,0,0,0,0,0
9412291,0,0,0,0,0,0,0,0,0
9412292,0,0,0,0,0,0,0,0,0
9412293,0,0,0,0,0,0,0,0,0
9412294,0,0,0,0,0,0,0,0,0
9412295,0,0,0,0,0,0,0,0,0
9412296,0,0,0,0,0,0,0,0,0
9412297,0,0,0,0,0,0,0,0,0
9412298,0,0,0,0,0,0,0,0,0
9412299,0,0,0,0,0,0,0,0,0
9412300,0,0,0,0,0,0,0,0,0
9412301,0,0,0,0,0,0,0,0,0
9412302,0,0,0,0,0,0,0,0,0
9412303,0,0,0,0,0,0,0,0,0
9412304,0,0,0,0,0,0,0,0,0
9412305,0,0,0,0,0,0,0,0,0
9412306,0,0,0,0,0,0,0,0,0
9412307,0,0,0,0,0,0,0,0,0
9412308,0,0,0,0,0,0,0,0,0
9412309,0,0,0,0,0,0,0,0,0
9412310,0,0,0,0,0,0,0,0,0
9412311,0,0,0,0,0,0,0,0,0
9412312,0,0,0,0,0,0,0,0,0
9412313,0,0,0,0,0,0,0,0,0
9412314,0,0,0,0,0,0,0,0,0
9412315,0,0,0,0,0,0,0,0,0
9412316,0,0,0,0,0,0,0,0,0
9412317,0,0,0,0,0,0,0,0,0
9412318,0,0,0,0,0,0,0,0,0
9412319,0,0,0,0,0,0,0,0,0
9412321,0,0,0,0,0,0,0,0,0
9412322,0,0,0,0,0,0,0,0,0
9412323,0,0,0,0,0,0,0,0,0
9412324,0,0,0,0,0,0,0,0,0
9412326,0,0,0,0,0,0,0,0,0
9412331,0,0,0,0,0,0,0,0,0
9411330,0,0,0,0,0,0,0,0,0
9411331,0,0,0,0,0,0,0,0,0
9411333,0,0,0,0,0,0,0,0,0
9411334,0,0,0,0,0,0,0,0,0
9411335,0,0,0,0,0,0,0,0,0
9411336,0,0,0,0,0,0,0,0,0
9411337,0,0,0,0,0,0,0,0,0
9411338,0,0,0,0,0,0,0,0,0
9411339,0,0,0,0,0,0,0,0,0
9411340,0,0,0,0,0,0,0,0,0
9411341,0,0,0,0,0,0,0,0,0
9411345,0,0,0,0,0,0,0,0,0
9411346,0,0,0,0,0,0,0,0,0
9411347,0,0,0,0,0,0,0,0,0
9411348,0,0,0,0,0,0,0,0,0
9411349,0,0,0,0,0,0,0,0,0
9411350,0,0,0,0,0,0,0,0,0
9411351,0,0,0,0,0,0,0,0,0
9411352,0,0,0,0,0,0,0,0,0
9411353,0,0,0,0,0,0,0,0,0
9411354,0,0,0,0,0,0,0,0,0
9411355,0,0,0,0,0,0,0,0,0
9411356,0,0,0,0,0,0,0,0,0
9411357,0,0,0,0,0,0,0,0,0
9411358,0,0,0,0,0,0,0,0,0
9411359,0,0,0,0,0,0,0,0,0
9411360,0,0,0,0,0,0,0,0,0
9411361,0,0,0,0,0,0,0,0,0
9411366,0,0,0,0,0,0,0,0,0
9411367,0,0,0,0,0,0,0,0,0
9411368,0,0,0,0,0,0,0,0,0
9411369,0,0,0,0,0,0,0,0,0
9411370,0,0,0,0,0,0,0,0,0
9411371,0,0,0,0,0,0,0,0,0
9411372,0,0,0,0,0,0,0,0,0
9411373,0,0,0,0,0,0,0,0,0
9411374,0,0,0,0,0,0,0,0,0
9411375,0,0,0,0,0,0,0,0,0
9411376,0,0,0,0,0,0,0,0,0
9411377,0,0,0,0,0,0,0,0,0
9411378,0,0,0,0,0,0,0,0,0
9411379,0,0,0,0,0,0,0,0,0
9411380,0,0,0,0,0,0,0,0,0
9411381,0,0,0,0,0,0,0,0,0
9411382,0,0,0,0,0,0,0,0,0
9411383,0,0,0,0,0,0,0,0,0
9411384,0,0,0,0,0,0,0,0,0
9411385,0,0,0,0,0,0,0,0,0
9411386,0,0,0,0,0,0,0,0,0
9411387,0,0,0,0,0,0,0,0,0
9411388,0,0,0,0,0,0,0,0,0
9411389,0,0,0,0,0,0,0,0,0
9411390,0,0,0,0,0,0,0,0,0
9411391,0,0,0,0,0,0,0,0,0
9411392,0,0,0,0,0,0,0,0,0
9411393,0,0,0,0,0,0,0,0,0
9411394,0,0,0,0,0,0,0,0,0
9411395,0,0,0,0,0,0,0,0,0
9411396,0,0,0,0,0,0,0,0,0
9411397,0,0,0,0,0,0,0,0,0
9411398,0,0,0,0,0,0,0,0,0
9411399,0,0,0,0,0,0,0,0,0
9411400,0,0,0,0,0,0,0,0,0
9411401,0,0,0,0,0,0,0,0,0
9411402,0,0,0,0,0,0,0,0,0
9411403,0,0,0,0,0,0,0,0,0
9411404,0,0,0,0,0,0,0,0,0
9411405,0,0,0,0,0,0,0,0,0
9411406,0,0,0,0,0,0,0,0,0
9411407,0,0,0,0,0,0,0,0,0
9411408,0,0,0,0,0,0,0,0,0
9411409,0,0,0,0,0,0,0,0,0
9411410,0,0,0,0,0,0,0,0,0
9411411,0,0,0,0,0,0,0,0,0
9411412,0,0,0,0,0,0,0,0,0
9406202,0,0,0,0,0,0,2,3,3
9411413,0,0,0,0,0,0,0,0,0
9411414,0,0,0,0,0,0,0,0,0
9411415,0,0,0,0,0,0,0,0,0
9411416,0,0,0,0,0,0,0,0,0
9411417,0,0,0,0,0,0,0,0,0
9411418,0,0,0,0,0,0,0,0,0
9406208,0,0,1,1,2,4,6,11,11
9411419,0,0,0,0,0,0,0,0,0
9411420,0,0,0,0,0,0,0,0,0
9411421,0,0,0,0,0,0,0,0,0
9406211,0,0,0,0,0,0,0,0,0
9411422,0,0,0,0,0,0,0,0,0
9411423,0,0,0,0,0,0,0,0,0
9411424,0,0,0,0,0,0,0,0,0
9411425,0,0,0,0,0,0,0,0,0
9411426,0,0,0,0,0,0,0,0,0
9411427,0,0,0,0,0,0,0,0,0
9406217,0,0,0,2,4,8,19,23,23
9411428,0,0,0,0,0,0,0,0,0
9406218,0,0,0,0,0,0,0,0,0
9411429,0,0,0,0,0,0,0,0,0
9406219,0,0,0,0,0,0,0,0,0
9411430,0,0,0,0,0,0,0,0,0
9411431,0,0,0,0,0,0,0,0,0
9406222,0,0,0,0,0,0,0,0,0
9406223,0,0,0,0,0,0,0,0,0
9406225,0,0,0,0,0,0,0,0,0
9406231,0,0,0,0,0,0,0,0,0
9406235,0,0,0,0,0,0,0,0,0
9406240,0,0,0,0,0,0,0,0,0
9406243,0,0,0,0,0,0,0,0,0
9406246,0,0,0,0,0,0,0,0,0
9406248,0,0,0,0,0,0,0,0,0
9406250,0,0,0,0,0,0,0,0,0
9406254,0,0,0,0,0,0,0,0,0
9406261,0,0,0,0,0,0,0,0,0
9406262,0,0,0,0,0,0,0,0,0
9406263,0,0,0,0,0,0,0,0,0
9406266,0,0,0,0,0,0,0,0,0
9406267,0,0,0,0,0,0,0,0,0
9406272,0,0,0,0,0,0,0,0,0
9406275,0,0,0,0,0,0,0,0,0
9406350,0,0,0,0,0,0,0,0,0
9406353,0,0,0,0,0,0,0,0,0
9406386,0,0,0,0,0,0,0,0,0
9406396,0,0,0,0,0,0,0,0,0
9406403,0,0,0,0,0,0,0,0,0
9406408,0,0,0,0,0,0,0,0,0
9407233,0,0,0,0,0,0,0,0,0
9412201,0,0,0,0,0,0,0,0,0
9412205,0,0,0,0,1,1,1,1,1
9412337,0,0,0,0,0,0,0,0,0
9412338,0,0,0,0,0,0,0,0,0
9412339,0,0,0,0,0,0,0,0,0
9412340,0,0,0,0,0,0,0,0,0
9412341,0,0,0,0,0,0,0,0,0
9412342,0,0,0,0,0,0,0,0,0
9412343,0,0,0,0,0,0,0,0,0
9412344,0,0,0,0,0,0,0,0,0
9412345,0,0,0,0,0,0,0,0,0
9412346,0,0,0,0,0,0,0,0,0
9412347,0,0,0,0,0,0,0,0,0
9412348,0,0,0,0,0,0,0,0,0
9412349,0,0,0,0,0,0,0,0,0
9412350,0,0,0,0,0,0,0,0,0
9412355,0,0,0,0,0,0,0,0,0
9412378,0,0,0,0,0,0,0,0,0
9412379,0,0,0,0,0,0,0,0,0
9412380,0,0,0,0,0,0,0,0,0
9412381,0,0,0,0,0,0,0,0,0
9412382,0,0,0,0,0,0,0,0,0
9412383,0,0,0,0,0,0,0,0,0
9412384,0,0,0,0,0,0,0,0,0
9412385,0,0,0,0,0,0,0,0,0
9412386,0,0,0,0,0,0,0,0,0
9412387,0,0,0,0,0,0,0,0,0
9412388,0,0,0,0,0,0,0,0,0
9412389,0,0,0,0,0,0,0,0,0
9412390,0,0,0,0,0,0,0,0,0
9407208,0,0,0,0,0,0,0,0,0
9407209,0,0,0,0,0,0,0,0,0
9407210,0,0,0,0,0,0,0,0,0
9407211,0,0,0,0,0,0,0,0,0
9407212,0,0,0,0,0,0,0,0,0
9407213,0,0,0,0,0,0,0,0,0
9407214,0,0,0,0,0,0,0,0,0
9407215,0,0,0,0,0,0,0,0,0
9407216,0,0,0,0,0,0,0,0,0
9407217,0,0,0,0,0,0,0,0,0
9407218,0,0,0,0,0,0,0,0,0
9407219,0,0,0,0,0,0,0,0,0
9407220,0,0,0,0,0,0,0,0,0
9407226,0,0,0,0,0,0,0,0,0
9407227,0,0,0,0,0,0,0,0,0
9412210,0,0,0,0,0,1,3,4,4
9412214,0,0,0,0,0,0,0,0,0
9412216,0,0,0,0,0,0,0,0,0
9411211,0,0,0,0,0,0,0,0,0
9411212,0,0,0,0,0,0,0,0,0
9411219,0,0,0,0,0,0,2,5,5
9401201,0,0,0,0,0,0,0,0,0
9401202,0,0,0,0,0,0,0,0,0
9401203,0,0,0,0,0,0,0,0,0
9401204,0,0,0,0,0,0,0,0,0
9401205,0,0,0,0,0,0,0,0,0
9401206,0,0,0,0,0,0,0,0,0
9401207,0,0,0,0,0,0,0,0,0
9401208,0,0,0,0,0,0,0,0,0
9401209,0,0,0,0,0,0,0,0,0
9401210,0,0,0,0,0,0,0,0,0
9401211,0,0,0,0,0,0,0,0,0
9401212,0,0,0,0,0,0,0,0,0
9401213,0,0,0,0,0,0,0,0,0
9401214,0,0,0,0,0,0,0,0,0
9401215,0,0,0,0,0,0,0,0,0
9401216,0,0,0,0,0,0,0,0,0
9401217,0,0,0,0,0,0,0,0,0
9401218,0,0,0,0,0,0,0,0,0
9401219,0,0,0,0,0,0,0,0,0
9401220,0,0,0,0,0,0,0,0,0
9401221,0,0,0,0,0,0,0,0,0
9401222,0,0,0,0,0,0,0,0,0
9401223,0,0,0,0,0,0,0,0,0
9401224,0,0,0,0,0,0,0,0,0
9401225,0,0,0,0,0,0,0,0,0
9401226,0,0,0,0,0,0,0,0,0
9401227,0,0,0,0,0,0,0,0,0
9401228,0,0,0,0,0,0,0,0,0
9401229,0,0,0,0,0,0,0,0,0
9401230,0,0,0,0,0,0,0,0,0
9401231,0,0,0,0,0,0,0,0,0
9401232,0,0,0,0,0,0,0,0,0
9401233,0,0,0,0,0,0,0,0,0
9401234,0,0,0,0,0,0,0,0,0
9401235,0,0,0,0,0,0,0,0,0
9401236,0,0,0,0,0,0,0,0,0
9401237,0,0,0,0,0,0,0,0,0
9401238,0,0,0,0,0,0,0,0,0
9401239,0,0,0,0,0,0,0,0,0
9401240,0,0,0,0,0,0,0,0,0
9401241,0,0,0,0,0,0,0,0,0
9401244,0,0,0,0,0,0,0,0,0
9401245,0,0,0,0,0,0,0,0,0
9401246,0,0,0,0,0,0,0,0,0
9401247,0,0,0,0,0,0,0,0,0
9401248,0,0,0,0,0,0,0,0,0
9401249,0,0,0,0,0,0,0,0,0
9401250,0,0,0,0,0,0,0,0,0
9401251,0,0,0,0,0,0,0,0,0
9401252,0,0,0,0,0,0,0,0,0
9401253,0,0,0,0,0,0,0,0,0
9401256,0,0,0,0,0,0,0,0,0
9401257,0,0,0,0,0,0,0,0,0
9401262,0,0,0,0,0,0,0,0,0
9401263,0,0,0,0,0,0,0,0,0
9401266,0,0,0,0,0,0,0,0,0
9401268,0,0,0,0,0,0,0,0,0
9401270,0,0,0,0,0,0,0,0,0
9401271,0,0,0,0,0,0,0,0,0
9401272,0,0,0,0,0,0,0,0,0
9401273,0,0,0,0,0,0,0,0,0
9401276,0,0,0,0,0,0,0,0,0
9401277,0,0,0,0,0,0,0,0,0
9401278,0,0,0,0,0,0,0,0,0
9401283,0,0,0,0,0,0,0,0,0
9401285,0,0,0,0,0,0,0,0,0
9401286,0,0,0,0,0,0,0,0,0
9401288,0,0,0,0,0,0,0,0,0
9401289,0,0,0,0,0,0,0,0,0
9401291,0,0,0,0,0,0,0,0,0
9401292,0,0,0,0,0,0,0,0,0
9401293,0,0,0,0,0,0,0,0,0
9401294,0,0,0,0,0,0,0,0,0
9401296,0,0,0,0,0,0,0,0,0
9401297,0,0,0,0,0,0,0,0,0
9401299,0,0,0,0,0,0,0,0,0
9401302,0,0,0,0,0,0,0,0,0
9401303,0,0,0,0,0,0,0,0,0
9401304,0,0,0,0,0,0,0,0,0
9401306,0,0,0,0,0,0,0,0,0
9401307,0,0,0,0,0,0,0,0,0
9401308,0,0,0,0,0,0,0,0,0
9401309,0,0,0,0,0,0,0,0,0
9401312,0,0,0,0,0,0,0,0,0
9401313,0,0,0,0,0,0,0,0,0
9401314,0,0,0,0,0,0,0,0,0
9401317,0,0,0,0,0,0,0,0,0
9401318,0,0,0,0,0,0,0,0,0
9401319,0,0,0,0,0,0,0,0,0
9401321,0,0,0,0,0,0,0,0,0
9401322,0,0,0,0,0,0,0,0,0
9401323,0,0,0,0,0,0,0,0,0
9401324,0,0,0,0,0,0,0,0,0
9401326,0,0,0,0,0,0,0,0,0
9401327,0,0,0,0,0,0,0,0,0
9401328,0,0,0,0,0,0,0,0,0
9401329,0,0,0,0,0,0,0,0,0
9401331,0,0,0,0,0,0,0,0,0
9401332,0,0,0,0,0,0,0,0,0
9401333,0,0,0,0,0,0,0,0,0
9401334,0,0,0,0,0,0,0,0,0
9401337,0,0,0,0,0,0,0,0,0
9401338,0,0,0,0,0,0,0,0,0
9401339,0,0,0,0,0,0,0,0,0
9401341,0,0,0,0,0,0,0,0,0
9401342,0,0,0,0,0,0,0,0,0
9401343,0,0,0,0,0,0,0,0,0
9401344,0,0,0,0,0,0,0,0,0
9401345,0,0,0,0,0,0,0,0,0
9401346,0,0,0,0,0,0,0,0,0
9401347,0,0,0,0,0,0,0,0,0
9401348,0,0,0,0,0,0,0,0,0
9401349,0,0,0,0,0,0,0,0,0
9401350,0,0,0,0,0,0,0,0,0
9401351,0,0,0,0,0,0,0,0,0
9401352,0,0,0,0,0,0,0,0,0
9401353,0,0,0,0,0,0,0,0,0
9401354,0,0,0,0,0,0,0,0,0
9401355,0,0,0,0,0,0,0,0,0
9401356,0,0,0,0,0,0,0,0,0
9401357,0,0,0,0,0,0,0,0,0
9402201,0,0,0,0,0,0,0,0,0
9402202,0,0,0,0,0,0,0,0,0
9402203,0,0,0,0,0,0,0,0,0
9402204,0,0,0,0,0,0,0,0,0
9402205,0,0,0,0,0,0,0,0,0
9402206,0,0,0,0,0,0,0,0,0
9402207,0,0,0,0,0,0,0,0,0
9402208,0,0,0,0,0,0,0,0,0
9402209,0,0,0,0,0,0,0,0,0
9402210,0,0,0,0,0,0,0,0,0
9402211,0,0,0,0,0,0,0,0,0
9402212,0,0,0,0,0,0,0,0,0
9402213,0,0,0,0,0,0,0,0,0
9402214,0,0,0,0,0,0,0,0,0
9402215,0,0,0,0,0,0,0,0,0
9402216,0,0,0,0,0,0,0,0,0
9402217,0,0,0,0,0,0,0,0,0
9402218,0,0,0,0,0,0,0,0,0
9402219,0,0,0,0,0,0,0,0,0
9402220,0,0,0,0,0,0,0,0,0
9402221,0,0,0,0,0,0,0,0,0
9402222,0,0,0,0,0,0,0,0,0
9402223,0,0,0,0,0,0,0,0,0
9402224,0,0,0,0,0,0,0,0,0
9402225,0,0,0,0,0,0,0,0,0
9402226,0,0,0,0,0,0,0,0,0
9402227,0,0,0,0,0,0,0,0,0
9402228,0,0,0,0,0,0,0,0,0
9402229,0,0,0,0,0,0,0,0,0
9402230,0,0,0,0,0,0,0,0,0
9402231,0,0,0,0,0,0,0,0,0
9402232,0,0,0,0,0,0,0,0,0
9402233,0,0,0,0,0,0,0,0,0
9402234,0,0,0,0,0,0,0,0,0
9402235,0,0,0,0,0,0,0,0,0
9402236,0,0,0,0,0,0,0,0,0
9402237,0,0,0,0,0,0,0,0,0
9402238,0,0,0,0,0,0,0,0,0
9402239,0,0,0,0,0,0,0,0,0
9402240,0,0,0,0,0,0,0,0,0
9402241,0,0,0,0,0,0,0,0,0
9402242,0,0,0,0,0,0,0,0,0
9402243,0,0,0,0,0,0,0,0,0
9402245,0,0,0,0,0,0,0,0,0
9402246,0,0,0,0,0,0,0,0,0
9402247,0,0,0,0,0,0,0,0,0
9402249,0,0,0,0,0,0,0,0,0
9402250,0,0,0,0,0,0,0,0,0
9402251,0,0,0,0,0,0,0,0,0
9402252,0,0,0,0,0,0,0,0,0
9402253,0,0,0,0,0,0,0,0,0
9402254,0,0,0,0,0,0,0,0,0
9402255,0,0,0,0,0,0,0,0,0
9402256,0,0,0,0,0,0,0,0,0
9402257,0,0,0,0,0,0,0,0,0
9402258,0,0,0,0,0,0,0,0,0
9402259,0,0,0,0,0,0,0,0,0
9402260,0,0,0,0,0,0,0,0,0
9402261,0,0,0,0,0,0,0,0,0
9402262,0,0,0,0,0,0,0,0,0
9402263,0,0,0,0,0,0,0,0,0
9402265,0,0,0,0,0,0,0,0,0
9402266,0,0,0,0,0,0,0,0,0
9402267,0,0,0,0,0,0,0,0,0
9402268,0,0,0,0,0,0,0,0,0
9402269,0,0,0,0,0,0,0,0,0
9402270,0,0,0,0,0,0,0,0,0
9402271,0,0,0,0,0,0,0,0,0
9402272,0,0,0,0,0,0,0,0,0
9402273,0,0,0,0,0,0,0,0,0
9402274,0,0,0,0,0,0,0,0,0
9402275,0,0,0,0,0,0,0,0,0
9402278,0,0,0,0,0,0,0,0,0
9402279,0,0,0,0,0,0,0,0,0
9402280,0,0,0,0,0,0,0,0,0
9402282,0,0,0,0,0,0,0,0,0
9402284,0,0,0,0,0,0,0,0,0
9402285,0,0,0,0,0,0,0,0,0
9402286,0,0,0,0,0,0,0,0,0
9402287,0,0,0,0,0,0,0,0,0
9402288,0,0,0,0,0,0,0,0,0
9402289,0,0,0,0,0,0,0,0,0
9402290,0,0,0,0,0,0,0,0,0
9402292,0,0,0,0,0,0,0,0,0
9402293,0,0,0,0,0,0,0,0,0
9402295,0,0,0,0,0,0,0,0,0
9402297,0,0,0,0,0,0,0,0,0
9402301,0,0,0,0,0,0,0,0,0
9402303,0,0,0,0,0,0,0,0,0
9402304,0,0,0,0,0,0,0,0,0
9402305,0,0,0,0,0,0,0,0,0
9402306,0,0,0,0,0,0,0,0,0
9402307,0,0,0,0,0,0,0,0,0
9402308,0,0,0,0,0,0,0,0,0
9402309,0,0,0,0,0,0,0,0,0
9402312,0,0,0,0,0,0,0,0,0
9402314,0,0,0,0,0,0,0,0,0
9402315,0,0,0,0,0,0,0,0,0
9402316,0,0,0,0,0,0,0,0,0
9402317,0,0,0,0,0,0,0,0,0
9402318,0,0,0,0,0,0,0,0,0
9402319,0,0,0,0,0,0,0,0,0
9402321,0,0,0,0,0,0,0,0,0
9402322,0,0,0,0,0,0,0,0,0
9402323,0,0,0,0,0,0,0,0,0
9402324,0,0,0,0,0,0,0,0,0
9402325,0,0,0,0,0,0,0,0,0
9402327,0,0,0,0,0,0,0,0,0
9402328,0,0,0,0,0,0,0,0,0
9402330,0,0,0,0,0,0,0,0,0
9402331,0,0,0,0,0,0,0,0,0
9402332,0,0,0,0,0,0,0,0,0
9402333,0,0,0,0,0,0,0,0,0
9402334,0,0,0,0,0,0,0,0,0
9402335,0,0,0,0,0,0,0,0,0
9402336,0,0,0,0,0,0,0,0,0
9402337,0,0,0,0,0,0,0,0,0
9402338,0,0,0,0,0,0,0,0,0
9402339,0,0,0,0,0,0,0,0,0
9402340,0,0,0,0,0,0,0,0,0
9402341,0,0,0,0,0,0,0,0,0
9402342,0,0,0,0,0,0,0,0,0
9402343,0,0,0,0,0,0,0,0,0
9402344,0,0,0,0,0,0,0,0,0
9402345,0,0,0,0,0,0,0,0,0
9402346,0,0,0,0,0,0,0,0,0
9402347,0,0,0,0,0,0,0,0,0
9402348,0,0,0,0,0,0,0,0,0
9402349,0,0,0,0,0,0,0,0,0
9402350,0,0,0,0,0,0,0,0,0
9402351,0,0,0,0,0,0,0,0,0
9402352,0,0,0,0,0,0,0,0,0
9402353,0,0,0,0,0,0,0,0,0
9402354,0,0,0,0,0,0,0,0,0
9402355,0,0,0,0,0,0,0,0,0
9402356,0,0,0,0,0,0,0,0,0
9402357,0,0,0,0,0,0,0,0,0
9402358,0,0,0,0,0,0,0,0,0
9402359,0,0,0,0,0,0,0,0,0
9402360,0,0,0,0,0,0,0,0,0
9402361,0,0,0,0,0,0,0,0,0
9402362,0,0,0,0,0,0,0,0,0
9402363,0,0,0,0,0,0,0,0,0
9402364,0,0,0,0,0,0,0,0,0
9412325,0,0,0,0,0,0,0,0,0
9403201,0,0,0,0,0,0,0,0,0
9403204,0,0,0,0,0,0,0,0,0
9403205,0,0,0,0,0,0,0,0,0
9403206,0,0,0,0,0,0,0,0,0
9403208,0,0,0,0,0,0,0,0,0
9403209,0,0,0,0,0,0,0,0,0
9403210,0,0,0,0,0,0,0,0,0
9403211,0,0,0,0,0,0,0,0,0
9403213,0,0,0,0,0,0,0,0,0
9403215,0,0,0,0,0,0,0,0,0
9403216,0,0,0,0,0,0,0,0,0
9403219,0,0,0,0,0,0,0,0,0
9403220,0,0,0,0,0,0,0,0,0
9403224,0,0,0,0,0,0,0,0,0
9403225,0,0,0,0,0,0,0,0,0
9403226,0,0,0,0,0,0,0,0,0
9403228,0,0,0,0,0,0,0,0,0
9403229,0,0,0,0,0,0,0,0,0
9403230,0,0,0,0,0,0,0,0,0
9403233,0,0,0,0,0,0,0,0,0
9403234,0,0,0,0,0,0,0,0,0
9403235,0,0,0,0,0,0,0,0,0
9403236,0,0,0,0,0,0,0,0,0
9403239,0,0,0,0,0,0,0,0,0
9403240,0,0,0,0,0,0,0,0,0
9403241,0,0,0,0,0,0,0,0,0
9403244,0,0,0,0,0,0,0,0,0
9403245,0,0,0,0,0,0,0,0,0
9403246,0,0,0,0,0,0,0,0,0
9403249,0,0,0,0,0,0,0,0,0
9403250,0,0,0,0,0,0,0,0,0
9403251,0,0,0,0,0,0,0,0,0
9403252,0,0,0,0,0,0,0,0,0
9403255,0,0,0,0,0,0,0,0,0
9403257,0,0,0,0,0,0,0,0,0
9403260,0,0,0,0,0,0,0,0,0
9403261,0,0,0,0,0,0,0,0,0
9403262,0,0,0,0,0,0,0,0,0
9403264,0,0,0,0,0,0,0,0,0
9403265,0,0,0,0,0,0,0,0,0
9403266,0,0,0,0,0,0,0,0,0
9403267,0,0,0,0,0,0,0,0,0
9403269,0,0,0,0,0,0,0,0,0
9403270,0,0,0,0,0,0,0,0,0
9403271,0,0,0,0,0,0,0,0,0
9403272,0,0,0,0,0,0,0,0,0
9403275,0,0,0,0,0,0,0,0,0
9403277,0,0,0,0,0,0,0,0,0
9403280,0,0,0,0,0,0,0,0,0
9403281,0,0,0,0,0,0,0,0,0
9403284,0,0,0,0,0,0,0,0,0
9403285,0,0,0,0,0,0,0,0,0
9403286,0,0,0,0,0,0,0,0,0
9403287,0,0,0,0,0,0,0,0,0
9403291,0,0,0,0,0,0,0,0,0
9403295,0,0,0,0,0,0,0,0,0
9403296,0,0,0,0,0,0,0,0,0
9403297,0,0,0,0,0,0,0,0,0
9403299,0,0,0,0,0,0,0,0,0
9403302,0,0,0,0,0,0,0,0,0
9403304,0,0,0,0,0,0,0,0,0
9403305,0,0,0,0,0,0,0,0,0
9403306,0,0,0,0,0,0,0,0,0
9403307,0,0,0,0,0,0,0,0,0
9403312,0,0,0,0,0,0,0,0,0
9403314,0,0,0,0,0,0,0,0,0
9403315,0,0,0,0,0,0,0,0,0
9403316,0,0,0,0,0,0,0,0,0
9403317,0,0,0,0,0,0,0,0,0
9403319,0,0,0,0,0,0,0,0,0
9403320,0,0,0,0,0,0,0,0,0
9403321,0,0,0,0,0,0,0,0,0
9403322,0,0,0,0,0,0,0,0,0
9403324,0,0,0,0,0,0,0,0,0
9403325,0,0,0,0,0,0,0,0,0
9403326,0,0,0,0,0,0,0,0,0
9403327,0,0,0,0,0,0,0,0,0
9403329,0,0,0,0,0,0,0,0,0
9403330,0,0,0,0,0,0,0,0,0
9403331,0,0,0,0,0,0,0,0,0
9403332,0,0,0,0,0,0,0,0,0
9403334,0,0,0,0,0,0,0,0,0
9403335,0,0,0,0,0,0,0,0,0
9403336,0,0,0,0,0,0,0,0,0
9403337,0,0,0,0,0,0,0,0,0
9403339,0,0,0,0,0,0,0,0,0
9403340,0,0,0,0,0,0,0,0,0
9403341,0,0,0,0,0,0,0,0,0
9403342,0,0,0,0,0,0,0,0,0
9403344,0,0,0,0,0,0,0,0,0
9403345,0,0,0,0,0,0,0,0,0
9403346,0,0,0,0,0,0,0,0,0
9403347,0,0,0,0,0,0,0,0,0
9403349,0,0,0,0,0,0,0,0,0
9403350,0,0,0,0,0,0,0,0,0
9403351,0,0,0,0,0,0,0,0,0
9403352,0,0,0,0,0,0,0,0,0
9403354,0,0,0,0,0,0,0,0,0
9403355,0,0,0,0,0,0,0,0,0
9403356,0,0,0,0,0,0,0,0,0
9403357,0,0,0,0,0,0,0,0,0
9403359,0,0,0,0,0,0,0,0,0
9403360,0,0,0,0,0,0,0,0,0
9403362,0,0,0,0,0,0,0,0,0
9403364,0,0,0,0,0,0,0,0,0
9403365,0,0,0,0,0,0,0,0,0
9403366,0,0,0,0,0,0,0,0,0
9403367,0,0,0,0,0,0,0,0,0
9403369,0,0,0,0,0,0,0,0,0
9403370,0,0,0,0,0,0,0,0,0
9403371,0,0,0,0,0,0,0,0,0
9403372,0,0,0,0,0,0,0,0,0
9403374,0,0,0,0,0,0,0,0,0
9403375,0,0,0,0,0,0,0,0,0
9403377,0,0,0,0,0,0,0,0,0
9403379,0,0,0,0,0,0,0,0,0
9403381,0,0,0,0,0,0,0,0,0
9403382,0,0,0,0,0,0,0,0,0
9403384,0,0,0,0,0,0,0,0,0
9403385,0,0,0,0,0,0,0,0,0
9403386,0,0,0,0,0,0,0,0,0
9403387,0,0,0,0,0,0,0,0,0
9403389,0,0,0,0,0,0,0,0,0
9403390,0,0,0,0,0,0,0,0,0
9403391,0,0,0,0,0,0,0,0,0
9403392,0,0,0,0,0,0,0,0,0
9403394,0,0,0,0,0,0,0,0,0
9403395,0,0,0,0,0,0,0,0,0
9403396,0,0,0,0,0,0,0,0,0
9403397,0,0,0,0,0,0,0,0,0
9403399,0,0,0,0,0,0,0,0,0
9403400,0,0,0,0,0,0,0,0,0
9403401,0,0,0,0,0,0,0,0,0
9403402,0,0,0,0,0,0,0,0,0
9403404,0,0,0,0,0,0,0,0,0
9403405,0,0,0,0,0,0,0,0,0
9403406,0,0,0,0,0,0,0,0,0
9403407,0,0,0,0,0,0,0,0,0
9403409,0,0,0,0,0,0,0,0,0
9403411,0,0,0,0,0,0,0,0,0
9412320,0,0,0,0,0,0,0,0,0
9412327,0,0,0,0,0,0,0,0,0
9404201,0,0,0,0,0,0,0,0,0
9404202,0,0,0,0,0,0,0,0,0
9404203,0,0,0,0,0,0,0,0,0
9404204,0,0,0,0,0,0,0,0,0
9404205,0,0,0,0,0,0,0,0,0
9404206,0,0,0,0,0,0,0,0,0
9404207,0,0,0,0,0,0,0,0,0
9404208,0,0,0,0,0,0,0,0,0
9404209,0,0,0,0,0,0,0,0,0
9404210,0,0,0,0,0,0,0,0,0
9404211,0,0,0,0,0,0,0,0,0
9404212,0,0,0,0,0,0,0,0,0
9404213,0,0,0,0,0,0,0,0,0
9404214,0,0,0,0,0,0,0,0,0
9404215,0,0,0,0,0,0,0,0,0
9404216,0,0,0,0,0,0,0,0,0
9404217,0,0,0,0,0,0,0,0,0
9404218,0,0,0,0,0,0,0,0,0
9404219,0,0,0,0,0,0,0,0,0
9404220,0,0,0,0,0,0,0,0,0
9404221,0,0,0,0,0,0,0,0,0
9404222,0,0,0,0,0,0,0,0,0
9404223,0,0,0,0,0,0,0,0,0
9404224,0,0,0,0,0,0,0,0,0
9404225,0,0,0,0,0,0,0,0,0
9404226,0,0,0,0,0,0,0,0,0
9404227,0,0,0,0,0,0,0,0,0
9404228,0,0,0,0,0,0,0,0,0
9404229,0,0,0,0,0,0,0,0,0
9404230,0,0,0,0,0,0,0,0,0
9404231,0,0,0,0,0,0,0,0,0
9404232,0,0,0,0,0,0,0,0,0
9404233,0,0,0,0,0,0,0,0,0
9404234,0,0,0,0,0,0,0,0,0
9404235,0,0,0,0,0,0,0,0,0
9404236,0,0,0,0,0,0,0,0,0
9404237,0,0,0,0,0,0,0,0,0
9404242,0,0,0,0,0,0,0,0,0
9404244,0,0,0,0,0,0,0,0,0
9404246,0,0,0,0,0,0,0,0,0
9404247,0,0,0,0,0,0,0,0,0
9404248,0,0,0,0,0,0,0,0,0
9404249,0,0,0,0,0,0,0,0,0
9404251,0,0,0,0,0,0,0,0,0
9404252,0,0,0,0,0,0,0,0,0
9404253,0,0,0,0,0,0,0,0,0
9404254,0,0,0,0,0,0,0,0,0
9404255,0,0,0,0,0,0,0,0,0
9404257,0,0,0,0,0,0,0,0,0
9404259,0,0,0,0,0,0,0,0,0
9404260,0,0,0,0,0,0,0,0,0
9404261,0,0,0,0,0,0,0,0,0
9404262,0,0,0,0,0,0,0,0,0
9404265,0,0,0,0,0,0,0,0,0
9404266,0,0,0,0,0,0,0,0,0
9404267,0,0,0,0,0,0,0,0,0
9404268,0,0,0,0,0,0,0,0,0
9404269,0,0,0,0,0,0,0,0,0
9404271,0,0,0,0,0,0,0,0,0
9404274,0,0,0,0,0,0,0,0,0
9404276,0,0,0,0,0,0,0,0,0
9404277,0,0,0,0,0,0,0,0,0
9404278,0,0,0,0,0,0,0,0,0
9404279,0,0,0,0,0,0,0,0,0
9404280,0,0,0,0,0,0,0,0,0
9404281,0,0,0,0,0,0,0,0,0
9404282,0,0,0,0,0,0,0,0,0
9404283,0,0,0,0,0,0,0,0,0
9404284,0,0,0,0,0,0,0,0,0
9404286,0,0,0,0,0,0,0,0,0
9404287,0,0,0,0,0,0,0,0,0
9404289,0,0,0,0,0,0,0,0,0
9404290,0,0,0,0,0,0,0,0,0
9404291,0,0,0,0,0,0,0,0,0
9404292,0,0,0,0,0,0,0,0,0
9404293,0,0,0,0,0,0,0,0,0
9404294,0,0,0,0,0,0,0,0,0
9404295,0,0,0,0,0,0,0,0,0
9404296,0,0,0,0,0,0,0,0,0
9404297,0,0,0,0,0,0,0,0,0
9404298,0,0,0,0,0,0,0,0,0
9404300,0,0,0,0,0,0,0,0,0
9404301,0,0,0,0,0,0,0,0,0
9404302,0,0,0,0,0,0,0,0,0
9404303,0,0,0,0,0,0,0,0,0
9404304,0,0,0,0,0,0,0,0,0
9404305,0,0,0,0,0,0,0,0,0
9404306,0,0,0,0,0,0,0,0,0
9404307,0,0,0,0,0,0,0,0,0
9404308,0,0,0,0,0,0,0,0,0
9404309,0,0,0,0,0,0,0,0,0
9404310,0,0,0,0,0,0,0,0,0
9404311,0,0,0,0,0,0,0,0,0
9404312,0,0,0,0,0,0,0,0,0
9404315,0,0,0,0,0,0,0,0,0
9404316,0,0,0,0,0,0,0,0,0
9404317,0,0,0,0,0,0,0,0,0
9404318,0,0,0,0,0,0,0,0,0
9404319,0,0,0,0,0,0,0,0,0
9404320,0,0,0,0,0,0,0,0,0
9404321,0,0,0,0,0,0,0,0,0
9404322,0,0,0,0,0,0,0,0,0
9404323,0,0,0,0,0,0,0,0,0
9404324,0,0,0,0,0,0,0,0,0
9404325,0,0,0,0,0,0,0,0,0
9404326,0,0,0,0,0,0,0,0,0
9404327,0,0,0,0,0,0,0,0,0
9404328,0,0,0,0,0,0,0,0,0
9404329,0,0,0,0,0,0,0,0,0
9404330,0,0,0,0,0,0,0,0,0
9404331,0,0,0,0,0,0,0,0,0
9404332,0,0,0,0,0,0,0,0,0
9404333,0,0,0,0,0,0,0,0,0
9404334,0,0,0,0,0,0,0,0,0
9404335,0,0,0,0,0,0,0,0,0
9404336,0,0,0,0,0,0,0,0,0
9404337,0,0,0,0,0,0,0,0,0
9404339,0,0,0,0,0,0,0,0,0
9404340,0,0,0,0,0,0,0,0,0
9404341,0,0,0,0,0,0,0,0,0
9404342,0,0,0,0,0,0,0,0,0
9404343,0,0,0,0,0,0,0,0,0
9404344,0,0,0,0,0,0,0,0,0
9404345,0,0,0,0,0,0,0,0,0
9404346,0,0,0,0,0,0,0,0,0
9404347,0,0,0,0,0,0,0,0,0
9404348,0,0,0,0,0,0,0,0,0
9404349,0,0,0,0,0,0,0,0,0
9404350,0,0,0,0,0,0,0,0,0
9404351,0,0,0,0,0,0,0,0,0
9404352,0,0,0,0,0,0,0,0,0
9404353,0,0,0,0,0,0,0,0,0
9404354,0,0,0,0,0,0,0,0,0
9404355,0,0,0,0,0,0,0,0,0
9404356,0,0,0,0,0,0,0,0,0
9404357,0,0,0,0,0,0,0,0,0
9404358,0,0,0,0,0,0,0,0,0
9404359,0,0,0,0,0,0,0,0,0
9404360,0,0,0,0,0,0,0,0,0
9404361,0,0,0,0,0,0,0,0,0
9404362,0,0,0,0,0,0,0,0,0
9412328,0,0,0,0,0,0,0,0,0
9412329,0,0,0,0,0,0,0,0,0
9412330,0,0,0,0,0,0,0,0,0
9412332,0,0,0,0,0,0,0,0,0
9405201,0,0,0,0,0,0,0,0,0
9405202,0,0,0,0,0,0,0,0,0
9405203,0,0,0,0,0,0,0,0,0
9405204,0,0,0,0,0,0,0,0,0
9405205,0,0,0,0,0,0,0,0,0
9405206,0,0,0,0,0,0,0,0,0
9405207,0,0,0,0,0,0,0,0,0
9405208,0,0,0,0,0,0,0,0,0
9405209,0,0,0,0,0,0,0,0,0
9405210,0,0,0,0,0,0,0,0,0
9405211,0,0,0,0,0,0,0,0,0
9405212,0,0,0,0,0,0,0,0,0
9405213,0,0,0,0,0,0,0,0,0
9405214,0,0,0,0,0,0,0,0,0
9405215,0,0,0,0,0,0,0,0,0
9405216,0,0,0,0,0,0,0,0,0
9405217,0,0,0,0,0,0,0,0,0
9405218,0,0,0,0,0,0,0,0,0
9405219,0,0,0,0,0,0,0,0,0
9405220,0,0,0,0,0,0,0,0,0
9405221,0,0,0,0,0,0,0,0,0
9405222,0,0,0,0,0,0,0,0,0
9405223,0,0,0,0,0,0,0,0,0
9405224,0,0,0,0,0,0,0,0,0
9405225,0,0,0,0,0,0,0,0,0
9405226,0,0,0,0,0,0,0,0,0
9405227,0,0,0,0,0,0,0,0,0
9405228,0,0,0,0,0,0,0,0,0
9405229,0,0,0,0,0,0,0,0,0
9405230,0,0,0,0,0,0,0,0,0
9405231,0,0,0,0,0,0,0,0,0
9405232,0,0,0,0,0,0,0,0,0
9405233,0,0,0,0,0,0,0,0,0
9405234,0,0,0,0,0,0,0,0,0
9405235,0,0,0,0,0,0,0,0,0
9405236,0,0,0,0,0,0,0,0,0
9405237,0,0,0,0,0,0,0,0,0
9405238,0,0,0,0,0,0,0,0,0
9405239,0,0,0,0,0,0,0,0,0
9405240,0,0,0,0,0,0,0,0,0
9405241,0,0,0,0,0,0,0,0,0
9405242,0,0,0,0,0,0,0,0,0
9405243,0,0,0,0,0,0,0,0,0
9405245,0,0,0,0,0,0,0,0,0
9405246,0,0,0,0,0,0,0,0,0
9405247,0,0,0,0,0,0,0,0,0
9405248,0,0,0,0,0,0,0,0,0
9405250,0,0,0,0,0,0,0,0,0
9405251,0,0,0,0,0,0,0,0,0
9405252,0,0,0,0,0,0,0,0,0
9405253,0,0,0,0,0,0,0,0,0
9405254,0,0,0,0,0,0,0,0,0
9405255,0,0,0,0,0,0,0,0,0
9405257,0,0,0,0,0,0,0,0,0
9405258,0,0,0,0,0,0,0,0,0
9405259,0,0,0,0,0,0,0,0,0
9405260,0,0,0,0,0,0,0,0,0
9405261,0,0,0,0,0,0,0,0,0
9405263,0,0,0,0,0,0,0,0,0
9405265,0,0,0,0,0,0,0,0,0
9405266,0,0,0,0,0,0,0,0,0
9405267,0,0,0,0,0,0,0,0,0
9405269,0,0,0,0,0,0,0,0,0
9405270,0,0,0,0,0,0,0,0,0
9405271,0,0,0,0,0,0,0,0,0
9405272,0,0,0,0,0,0,0,0,0
9405273,0,0,0,0,0,0,0,0,0
9405274,0,0,0,0,0,0,0,0,0
9405275,0,0,0,0,0,0,0,0,0
9405276,0,0,0,0,0,0,0,0,0
9405277,0,0,0,0,0,0,0,0,0
9405278,0,0,0,0,0,0,0,0,0
9405280,0,0,0,0,0,0,0,0,0
9405281,0,0,0,0,0,0,0,0,0
9405282,0,0,0,0,0,0,0,0,0
9405283,0,0,0,0,0,0,0,0,0
9405284,0,0,0,0,0,0,0,0,0
9405285,0,0,0,0,0,0,0,0,0
9405286,0,0,0,0,0,0,0,0,0
9405287,0,0,0,0,0,0,0,0,0
9405289,0,0,0,0,0,0,0,0,0
9405290,0,0,0,0,0,0,0,0,0
9405291,0,0,0,0,0,0,0,0,0
9405292,0,0,0,0,0,0,0,0,0
9405294,0,0,0,0,0,0,0,0,0
9405295,0,0,0,0,0,0,0,0,0
9405296,0,0,0,0,0,0,0,0,0
9405297,0,0,0,0,0,0,0,0,0
9405298,0,0,0,0,0,0,0,0,0
9405299,0,0,0,0,0,0,0,0,0
9405300,0,0,0,0,0,0,0,0,0
9405301,0,0,0,0,0,0,0,0,0
9405302,0,0,0,0,0,0,0,0,0
9405303,0,0,0,0,0,0,0,0,0
9405304,0,0,0,0,0,0,0,0,0
9405305,0,0,0,0,0,0,0,0,0
9405306,0,0,0,0,0,0,0,0,0
9405307,0,0,0,0,0,0,0,0,0
9405308,0,0,0,0,0,0,0,0,0
9405309,0,0,0,0,0,0,0,0,0
9405310,0,0,0,0,0,0,0,0,0
9405311,0,0,0,0,0,0,0,0,0
9405312,0,0,0,0,0,0,0,0,0
9405313,0,0,0,0,0,0,0,0,0
9405314,0,0,0,0,0,0,0,0,0
9405315,0,0,0,0,0,0,0,0,0
9405316,0,0,0,0,0,0,0,0,0
9405317,0,0,0,0,0,0,0,0,0
9405319,0,0,0,0,0,0,0,0,0
9405320,0,0,0,0,0,0,0,0,0
9405321,0,0,0,0,0,0,0,0,0
9405322,0,0,0,0,0,0,0,0,0
9405323,0,0,0,0,0,0,0,0,0
9405324,0,0,0,0,0,0,0,0,0
9405325,0,0,0,0,0,0,0,0,0
9405329,0,0,0,0,0,0,0,0,0
9405330,0,0,0,0,0,0,0,0,0
9405331,0,0,0,0,0,0,0,0,0
9405332,0,0,0,0,0,0,0,0,0
9405333,0,0,0,0,0,0,0,0,0
9405334,0,0,0,0,0,0,0,0,0
9405335,0,0,0,0,0,0,0,0,0
9405336,0,0,0,0,0,0,0,0,0
9405337,0,0,0,0,0,0,0,0,0
9405338,0,0,0,0,0,0,0,0,0
9405339,0,0,0,0,0,0,0,0,0
9405340,0,0,0,0,0,0,0,0,0
9405341,0,0,0,0,0,0,0,0,0
9405342,0,0,0,0,0,0,0,0,0
9405344,0,0,0,0,0,0,0,0,0
9405345,0,0,0,0,0,0,0,0,0
9405346,0,0,0,0,0,0,0,0,0
9405347,0,0,0,0,0,0,0,0,0
9405348,0,0,0,0,0,0,0,0,0
9405349,0,0,0,0,0,0,0,0,0
9405350,0,0,0,0,0,0,0,0,0
9405352,0,0,0,0,0,0,0,0,0
9405353,0,0,0,0,0,0,0,0,0
9405354,0,0,0,0,0,0,0,0,0
9405355,0,0,0,0,0,0,0,0,0
9405356,0,0,0,0,0,0,0,0,0
9405357,0,0,0,0,0,0,0,0,0
9405358,0,0,0,0,0,0,0,0,0
9405359,0,0,0,0,0,0,0,0,0
9405360,0,0,0,0,0,0,0,0,0
9405361,0,0,0,0,0,0,0,0,0
9405362,0,0,0,0,0,0,0,0,0
9405363,0,0,0,0,0,0,0,0,0
9405364,0,0,0,0,0,0,0,0,0
9405365,0,0,0,0,0,0,0,0,0
9405366,0,0,0,0,0,0,0,0,0
9405367,0,0,0,0,0,0,0,0,0
9405369,0,0,0,0,0,0,0,0,0
9405370,0,0,0,0,0,0,0,0,0
9405371,0,0,0,0,0,0,0,0,0
9405372,0,0,0,0,0,0,0,0,0
9405374,0,0,0,0,0,0,0,0,0
9405375,0,0,0,0,0,0,0,0,0
9405376,0,0,0,0,0,0,0,0,0
9405377,0,0,0,0,0,0,0,0,0
9405378,0,0,0,0,0,0,0,0,0
9405379,0,0,0,0,0,0,0,0,0
9405380,0,0,0,0,0,0,0,0,0
9405381,0,0,0,0,0,0,0,0,0
9405382,0,0,0,0,0,0,0,0,0
9405383,0,0,0,0,0,0,0,0,0
9405384,0,0,0,0,0,0,0,0,0
9405385,0,0,0,0,0,0,0,0,0
9405386,0,0,0,0,0,0,0,0,0
9405387,0,0,0,0,0,0,0,0,0
9405388,0,0,0,0,0,0,0,0,0
9405389,0,0,0,0,0,0,0,0,0
9405390,0,0,0,0,0,0,0,0,0
9405391,0,0,0,0,0,0,0,0,0
9405392,0,0,0,0,0,0,0,0,0
9405394,0,0,0,0,0,0,0,0,0
9405395,0,0,0,0,0,0,0,0,0
9405396,0,0,0,0,0,0,0,0,0
9405397,0,0,0,0,0,0,0,0,0
9405398,0,0,0,0,0,0,0,0,0
9405399,0,0,0,0,0,0,0,0,0
9405400,0,0,0,0,0,0,0,0,0
9405401,0,0,0,0,0,0,0,0,0
9405402,0,0,0,0,0,0,0,0,0
9405403,0,0,0,0,0,0,0,0,0
9405404,0,0,0,0,0,0,0,0,0
9405406,0,0,0,0,0,0,0,0,0
9405407,0,0,0,0,0,0,0,0,0
9405408,0,0,0,0,0,0,0,0,0
9405409,0,0,0,0,0,0,0,0,0
9405410,0,0,0,0,0,0,0,0,0
9405411,0,0,0,0,0,0,0,0,0
9405412,0,0,0,0,0,0,0,0,0
9405413,0,0,0,0,0,0,0,0,0
9405414,0,0,0,0,0,0,0,0,0
9405415,0,0,0,0,0,0,0,0,0
9405416,0,0,0,0,0,0,0,0,0
9405417,0,0,0,0,0,0,0,0,0
9405419,0,0,0,0,0,0,0,0,0
9405420,0,0,0,0,0,0,0,0,0
9405421,0,0,0,0,0,0,0,0,0
9405422,0,0,0,0,0,0,0,0,0
9405423,0,0,0,0,0,0,0,0,0
9405424,0,0,0,0,0,0,0,0,0
9405425,0,0,0,0,0,0,0,0,0
9405426,0,0,0,0,0,0,0,0,0
9405427,0,0,0,0,0,0,0,0,0
9405428,0,0,0,0,0,0,0,0,0
9405429,0,0,0,0,0,0,0,0,0
9405430,0,0,0,0,0,0,0,0,0
9405431,0,0,0,0,0,0,0,0,0
9405432,0,0,0,0,0,0,0,0,0
9412336,0,0,0,0,0,0,0,0,0
9406201,0,0,0,0,0,0,0,0,0
9406203,0,1,1,1,2,2,2,3,3
9406204,0,0,0,0,0,0,0,0,0
9406205,0,0,0,0,0,0,0,0,0
9406206,1,3,5,6,9,12,17,23,24
9406207,1,1,2,3,3,4,5,5,5
9406209,0,1,1,1,1,1,1,1,1
9406210,0,0,0,1,1,1,2,2,2
9406212,0,0,0,0,0,0,2,2,2
9406213,0,0,1,1,1,1,2,2,2
9406214,0,0,1,1,1,1,1,1,1
9406215,0,0,0,0,0,0,0,2,2
9406216,0,0,3,5,7,7,14,18,20
9406220,0,0,0,0,0,0,0,0,0
9406221,0,0,0,0,0,0,0,0,0
9406224,0,0,0,0,0,0,0,0,0
9406226,0,0,0,0,0,0,0,0,0
9406227,0,0,0,0,0,0,0,0,0
9406228,0,0,0,0,0,0,0,0,0
9406229,0,0,0,0,0,0,0,0,0
9406230,0,0,0,0,0,0,0,0,0
9406232,0,0,0,0,0,0,0,0,0
9406233,0,0,0,0,0,0,0,0,0
9406234,0,0,0,0,0,0,0,0,0
9406236,0,0,0,0,0,0,0,0,0
9406237,0,0,0,0,0,0,0,0,0
9406238,0,0,0,0,0,0,0,0,0
9406239,0,0,0,0,0,0,0,0,0
9406241,0,0,0,0,0,0,0,0,0
9406242,0,0,0,0,0,0,0,0,0
9406244,0,0,0,0,0,0,0,0,0
9406245,0,0,0,0,0,0,0,0,0
9406247,0,0,0,0,0,0,0,0,0
9406249,0,0,0,0,0,0,0,0,0
9406251,0,0,0,0,0,0,0,0,0
9406252,0,0,0,0,0,0,0,0,0
9406253,0,0,0,0,0,0,0,0,0
9406255,0,0,0,0,0,0,0,0,0
9406256,0,0,0,0,0,0,0,0,0
9406257,0,0,0,0,0,0,0,0,0
9406258,0,0,0,0,0,0,0,0,0
9406259,0,0,0,0,0,0,0,0,0
9406260,0,0,0,0,0,0,0,0,0
9406264,0,0,0,0,0,0,0,0,0
9406265,0,0,0,0,0,0,0,0,0
9406268,0,0,0,0,0,0,0,0,0
9406269,0,0,0,0,0,0,0,0,0
9406270,0,0,0,0,0,0,0,0,0
9406271,0,0,0,0,0,0,0,0,0
9406273,0,0,0,0,0,0,0,0,0
9406274,0,0,0,0,0,0,0,0,0
9406276,0,0,0,0,0,0,0,0,0
9406278,0,0,0,0,0,0,0,0,0
9406282,0,0,0,0,0,0,0,0,0
9406283,0,0,0,0,0,0,0,0,0
9406285,0,0,0,0,0,0,0,0,0
9406286,0,0,0,0,0,0,0,0,0
9406287,0,0,0,0,0,0,0,0,0
9406288,0,0,0,0,0,0,0,0,0
9406289,0,0,0,0,0,0,0,0,0
9406290,0,0,0,0,0,0,0,0,0
9406294,0,0,0,0,0,0,0,0,0
9406295,0,0,0,0,0,0,0,0,0
9406298,0,0,0,0,0,0,0,0,0
9406299,0,0,0,0,0,0,0,0,0
9406300,0,0,0,0,0,0,0,0,0
9406301,0,0,0,0,0,0,0,0,0
9406302,0,0,0,0,0,0,0,0,0
9406303,0,0,0,0,0,0,0,0,0
9406304,0,0,0,0,0,0,0,0,0
9406305,0,0,0,0,0,0,0,0,0
9406306,0,0,0,0,0,0,0,0,0
9406307,0,0,0,0,0,0,0,0,0
9406308,0,0,0,0,0,0,0,0,0
9406309,0,0,0,0,0,0,0,0,0
9406312,0,0,0,0,0,0,0,0,0
9406313,0,0,0,0,0,0,0,0,0
9406314,0,0,0,0,0,0,0,0,0
9406315,0,0,0,0,0,0,0,0,0
9406316,0,0,0,0,0,0,0,0,0
9406317,0,0,0,0,0,0,0,0,0
9406318,0,0,0,0,0,0,0,0,0
9406319,0,0,0,0,0,0,0,0,0
9406320,0,0,0,0,0,0,0,0,0
9406321,0,0,0,0,0,0,0,0,0
9406322,0,0,0,0,0,0,0,0,0
9406323,0,0,0,0,0,0,0,0,0
9406324,0,0,0,0,0,0,0,0,0
9406325,0,0,0,0,0,0,0,0,0
9406327,0,0,0,0,0,0,0,0,0
9406328,0,0,0,0,0,0,0,0,0
9406329,0,0,0,0,0,0,0,0,0
9406330,0,0,0,0,0,0,0,0,0
9406331,0,0,0,0,0,0,0,0,0
9406332,0,0,0,0,0,0,0,0,0
9406334,0,0,0,0,0,0,0,0,0
9406335,0,0,0,0,0,0,0,0,0
9406336,0,0,0,0,0,0,0,0,0
9406337,0,0,0,0,0,0,0,0,0
9406338,0,0,0,0,0,0,0,0,0
9406339,0,0,0,0,0,0,0,0,0
9406341,0,0,0,0,0,0,0,0,0
9406342,0,0,0,0,0,0,0,0,0
9406343,0,0,0,0,0,0,0,0,0
9406344,0,0,0,0,0,0,0,0,0
9406345,0,0,0,0,0,0,0,0,0
9406346,0,0,0,0,0,0,0,0,0
9406347,0,0,0,0,0,0,0,0,0
9406348,0,0,0,0,0,0,0,0,0
9406349,0,0,0,0,0,0,0,0,0
9406351,0,0,0,0,0,0,0,0,0
9406352,0,0,0,0,0,0,0,0,0
9406354,0,0,0,0,0,0,0,0,0
9406355,0,0,0,0,0,0,0,0,0
9406356,0,0,0,0,0,0,0,0,0
9406357,0,0,0,0,0,0,0,0,0
9406358,0,0,0,0,0,0,0,0,0
9406359,0,0,0,0,0,0,0,0,0
9406360,0,0,0,0,0,0,0,0,0
9406361,0,0,0,0,0,0,0,0,0
9406362,0,0,0,0,0,0,0,0,0
9406363,0,0,0,0,0,0,0,0,0
9406364,0,0,0,0,0,0,0,0,0
9406365,0,0,0,0,0,0,0,0,0
9406366,0,0,0,0,0,0,0,0,0
9406367,0,0,0,0,0,0,0,0,0
9406368,0,0,0,0,0,0,0,0,0
9406369,0,0,0,0,0,0,0,0,0
9406370,0,0,0,0,0,0,0,0,0
9406371,0,0,0,0,0,0,0,0,0
9406372,0,0,0,0,0,0,0,0,0
9406373,0,0,0,0,0,0,0,0,0
9406374,0,0,0,0,0,0,0,0,0
9406375,0,0,0,0,0,0,0,0,0
9406376,0,0,0,0,0,0,0,0,0
9406377,0,0,0,0,0,0,0,0,0
9406378,0,0,0,0,0,0,0,0,0
9406379,0,0,0,0,0,0,0,0,0
9406380,0,0,0,0,0,0,0,0,0
9406381,0,0,0,0,0,0,0,0,0
9406382,0,0,0,0,0,0,0,0,0
9406383,0,0,0,0,0,0,0,0,0
9406384,0,0,0,0,0,0,0,0,0
9406385,0,0,0,0,0,0,0,0,0
9406387,0,0,0,0,0,0,0,0,0
9406388,0,0,0,0,0,0,0,0,0
9406389,0,0,0,0,0,0,0,0,0
9406390,0,0,0,0,0,0,0,0,0
9406391,0,0,0,0,0,0,0,0,0
9406392,0,0,0,0,0,0,0,0,0
9406393,0,0,0,0,0,0,0,0,0
9406394,0,0,0,0,0,0,0,0,0
9406395,0,0,0,0,0,0,0,0,0
9406397,0,0,0,0,0,0,0,0,0
9406398,0,0,0,0,0,0,0,0,0
9406399,0,0,0,0,0,0,0,0,0
9406400,0,0,0,0,0,0,0,0,0
9406401,0,0,0,0,0,0,0,0,0
9406402,0,0,0,0,0,0,0,0,0
9406404,0,0,0,0,0,0,0,0,0
9406405,0,0,0,0,0,0,0,0,0
9406406,0,0,0,0,0,0,0,0,0
9406407,0,0,0,0,0,0,0,0,0
9406409,0,0,0,0,0,0,0,0,0
9406410,0,0,0,0,0,0,0,0,0
9406411,0,0,0,0,0,0,0,0,0
9406412,0,0,0,0,0,0,0,0,0
9406413,0,0,0,0,0,0,0,0,0
9406414,0,0,0,0,0,0,0,0,0
9406415,0,0,0,0,0,0,0,0,0
9406416,0,0,0,0,0,0,0,0,0
9406417,0,0,0,0,0,0,0,0,0
9406418,0,0,0,0,0,0,0,0,0
9406419,0,0,0,0,0,0,0,0,0
9406420,0,0,0,0,0,0,0,0,0
9406421,0,0,0,0,0,0,0,0,0
9406422,0,0,0,0,0,0,0,0,0
9406423,0,0,0,0,0,0,0,0,0
9406424,0,0,0,0,0,0,0,0,0
9406425,0,0,0,0,0,0,0,0,0
9406426,0,0,0,0,0,0,0,0,0
9406427,0,0,0,0,0,0,0,0,0
9406428,0,0,0,0,0,0,0,0,0
9406429,0,0,0,0,0,0,0,0,0
9406430,0,0,0,0,0,0,0,0,0
9406431,0,0,0,0,0,0,0,0,0
9406432,0,0,0,0,0,0,0,0,0
9406433,0,0,0,0,0,0,0,0,0
9406434,0,0,0,0,0,0,0,0,0
9406435,0,0,0,0,0,0,0,0,0
9406436,0,0,0,0,0,0,0,0,0
9407346,0,0,0,0,0,0,0,0,0
9407349,0,0,0,0,0,0,0,0,0
9407350,0,0,0,0,0,0,0,0,0
9407353,0,0,0,0,0,0,0,0,0
9407355,0,0,0,0,0,0,0,0,0
9407356,0,0,0,0,0,0,0,0,0
9407361,0,0,0,0,0,0,0,0,0
9407363,0,0,0,0,0,0,0,0,0
9407364,0,0,0,0,0,0,0,0,0
9407366,0,0,0,0,0,0,0,0,0
9407367,0,0,0,0,0,0,0,0,0
9407368,0,0,0,0,0,0,0,0,0
9407370,0,0,0,0,0,0,0,0,0
9407376,0,0,0,0,0,0,0,0,0
9407377,0,0,0,0,0,0,0,0,0
9407378,0,0,0,0,0,0,0,0,0
9407381,0,0,0,0,0,0,0,0,0
9407383,0,0,0,0,0,0,0,0,0
9407384,0,0,0,0,0,0,0,0,0
9407387,0,0,0,0,0,0,0,0,0
9407388,0,0,0,0,0,0,0,0,0
9407389,0,0,0,0,0,0,0,0,0
9407391,0,0,0,0,0,0,0,0,0
9407392,0,0,0,0,0,0,0,0,0
9407393,0,0,0,0,0,0,0,0,0
9407394,0,0,0,0,0,0,0,0,0
9407395,0,0,0,0,0,0,0,0,0
9407396,0,0,0,0,0,0,0,0,0
9407397,0,0,0,0,0,0,0,0,0
9407399,0,0,0,0,0,0,0,0,0
9407400,0,0,0,0,0,0,0,0,0
9407401,0,0,0,0,0,0,0,0,0
9407402,0,0,0,0,0,0,0,0,0
9407403,0,0,0,0,0,0,0,0,0
9407404,0,0,0,0,0,0,0,0,0
9407405,0,0,0,0,0,0,0,0,0
9407406,0,0,0,0,0,0,0,0,0
9407407,0,0,0,0,0,0,0,0,0
9407408,0,0,0,0,0,0,0,0,0
9407409,0,0,0,0,0,0,0,0,0
9407410,0,0,0,0,0,0,0,0,0
9412352,0,0,0,0,0,0,0,0,0
9412353,0,0,0,0,0,0,0,0,0
9412354,0,0,0,0,0,0,0,0,0
9412333,0,0,0,0,0,0,0,0,0
9408338,0,0,0,0,0,0,0,0,0
9408340,0,0,0,0,0,0,0,0,0
9408342,0,0,0,0,0,0,0,0,0
9408345,0,0,0,0,0,0,0,0,0
9408347,0,0,0,0,0,0,0,0,0
9408352,0,0,0,0,0,0,0,0,0
9408355,0,0,0,0,0,0,0,0,0
9408356,0,0,0,0,0,0,0,0,0
9408370,0,0,0,0,0,0,0,0,0
9408372,0,0,0,0,0,0,0,0,0
9408373,0,0,0,0,0,0,0,0,0
9408376,0,0,0,0,0,0,0,0,0
9408377,0,0,0,0,0,0,0,0,0
9408388,0,0,0,0,0,0,0,0,0
9408390,0,0,0,0,0,0,0,0,0
9408391,0,0,0,0,0,0,0,0,0
9408392,0,0,0,0,0,0,0,0,0
9408393,0,0,0,0,0,0,0,0,0
9408395,0,0,0,0,0,0,0,0,0
9408397,0,0,0,0,0,0,0,0,0
9408398,0,0,0,0,0,0,0,0,0
9408399,0,0,0,0,0,0,0,0,0
9408400,0,0,0,0,0,0,0,0,0
9408402,0,0,0,0,0,0,0,0,0
9408403,0,0,0,0,0,0,0,0,0
9408404,0,0,0,0,0,0,0,0,0
9408405,0,0,0,0,0,0,0,0,0
9408407,0,0,0,0,0,0,0,0,0
9412360,0,0,0,0,0,0,0,0,0
9412361,0,0,0,0,0,0,0,0,0
9412362,0,0,0,0,0,0,0,0,0
9412363,0,0,0,0,0,0,0,0,0
9409238,0,0,0,0,0,0,0,0,0
9409379,0,0,0,0,0,0,0,0,0
9409380,0,0,0,0,0,0,0,0,0
9409382,0,0,0,0,0,0,0,0,0
9409383,0,0,0,0,0,0,0,0,0
9409385,0,0,0,0,0,0,0,0,0
9409386,0,0,0,0,0,0,0,0,0
9409387,0,0,0,0,0,0,0,0,0
9409388,0,0,0,0,0,0,0,0,0
9409390,0,0,0,0,0,0,0,0,0
9409391,0,0,0,0,0,0,0,0,0
9409392,0,0,0,0,0,0,0,0,0
9409393,0,0,0,0,0,0,0,0,0
9409394,0,0,0,0,0,0,0,0,0
9409396,0,0,0,0,0,0,0,0,0
9409397,0,0,0,0,0,0,0,0,0
9409399,0,0,0,0,0,0,0,0,0
9409400,0,0,0,0,0,0,0,0,0
9409401,0,0,0,0,0,0,0,0,0
9409402,0,0,0,0,0,0,0,0,0
9409403,0,0,0,0,0,0,0,0,0
9409404,0,0,0,0,0,0,0,0,0
9409405,0,0,0,0,0,0,0,0,0
9409406,0,0,0,0,0,0,0,0,0
9409410,0,0,0,0,0,0,0,0,0
9409411,0,0,0,0,0,0,0,0,0
9409412,0,0,0,0,0,0,0,0,0
9409413,0,0,0,0,0,0,0,0,0
9409416,0,0,0,0,0,0,0,0,0
9409417,0,0,0,0,0,0,0,0,0
9409418,0,0,0,0,0,0,0,0,0
9409419,0,0,0,0,0,0,0,0,0
9409420,0,0,0,0,0,0,0,0,0
9409421,0,0,0,0,0,0,0,0,0
9409422,0,0,0,0,0,0,0,0,0
9409423,0,0,0,0,0,0,0,0,0
9409424,0,0,0,0,0,0,0,0,0
9409426,0,0,0,0,0,0,0,0,0
9409427,0,0,0,0,0,0,0,0,0
9409428,0,0,0,0,0,0,0,0,0
9409429,0,0,0,0,0,0,0,0,0
9409430,0,0,0,0,0,0,0,0,0
9409431,0,0,0,0,0,0,0,0,0
9409432,0,0,0,0,0,0,0,0,0
9409433,0,0,0,0,0,0,0,0,0
9409435,0,0,0,0,0,0,0,0,0
9409436,0,0,0,0,0,0,0,0,0
9409438,0,0,0,0,0,0,0,0,0
9409440,0,0,0,0,0,0,0,0,0
9409441,0,0,0,0,0,0,0,0,0
9409442,0,0,0,0,0,0,0,0,0
9409443,0,0,0,0,0,0,0,0,0
9409444,0,0,0,0,0,0,0,0,0
9409445,0,0,0,0,0,0,0,0,0
9409446,0,0,0,0,0,0,0,0,0
9409447,0,0,0,0,0,0,0,0,0
9409448,0,0,0,0,0,0,0,0,0
9409449,0,0,0,0,0,0,0,0,0
9409450,0,0,0,0,0,0,0,0,0
9409451,0,0,0,0,0,0,0,0,0
9409452,0,0,0,0,0,0,0,0,0
9409453,0,0,0,0,0,0,0,0,0
9409454,0,0,0,0,0,0,0,0,0
9409455,0,0,0,0,0,0,0,0,0
9409456,0,0,0,0,0,0,0,0,0
9409457,0,0,0,0,0,0,0,0,0
9409458,0,0,0,0,0,0,0,0,0
9409460,0,0,0,0,0,0,0,0,0
9409461,0,0,0,0,0,0,0,0,0
9409462,0,0,0,0,0,0,0,0,0
9409463,0,0,0,0,0,0,0,0,0
9412368,0,0,0,0,0,0,0,0,0
9412369,0,0,0,0,0,0,0,0,0
9412370,0,0,0,0,0,0,0,0,0
9410201,0,0,0,0,0,0,0,0,0
9410202,0,0,0,0,0,0,0,0,0
9410203,0,1,2,2,2,2,2,2,2
9410204,0,0,0,0,0,0,0,0,0
9410207,0,0,0,0,0,0,0,0,0
9410208,0,0,0,0,0,0,0,0,0
9410210,0,0,0,0,0,0,0,0,0
9410205,0,1,1,2,2,2,2,3,3
9410206,0,2,3,4,5,5,6,7,7
9410209,0,0,0,0,1,1,3,6,6
9410212,1,1,1,2,2,2,3,4,5
9410214,0,0,0,0,0,0,1,1,1
9410216,0,0,0,0,0,0,0,0,0
9410215,0,1,1,1,1,1,1,4,5
9410217,0,0,0,0,0,0,1,1,1
9410219,0,0,0,0,0,1,3,6,6
9410222,0,0,0,0,0,0,0,0,0
9410223,0,0,0,1,1,1,4,8,8
9410224,0,0,0,0,0,0,0,0,0
9410225,0,0,0,0,0,0,0,0,0
9410226,0,0,0,0,0,0,0,0,0
9410228,0,0,0,0,0,0,1,1,1
9410230,0,1,1,1,1,1,3,6,6
9410232,0,0,0,0,0,0,0,0,0
9410233,0,0,0,0,0,0,0,0,0
9410235,0,0,0,0,1,1,1,1,1
9410237,0,1,2,3,6,7,13,16,17
9410238,0,0,0,1,1,1,1,1,1
9410239,0,0,0,0,0,0,0,0,0
9410240,0,0,0,0,0,0,0,0,0
9410242,0,0,0,0,0,0,0,0,0
9410243,0,0,0,0,0,0,0,0,0
9410241,0,0,1,1,1,1,2,3,3
9410290,0,0,0,0,0,0,0,0,0
9410400,0,0,0,0,0,0,0,0,0
9410401,0,0,0,0,0,0,0,0,0
9410403,0,0,0,0,0,0,0,0,0
9410404,0,0,0,0,0,0,0,0,0
9410405,0,0,0,0,0,0,0,0,0
9410408,0,0,0,0,0,0,0,0,0
9410409,0,0,0,0,0,0,0,0,0
9410410,0,0,0,0,0,0,0,0,0
9410411,0,0,0,0,0,0,0,0,0
9410412,0,0,0,0,0,0,0,0,0
9410413,0,0,0,0,0,0,0,0,0
9410414,0,0,0,0,0,0,0,0,0
9410415,0,0,0,0,0,0,0,0,0
9412376,0,0,0,0,0,0,0,0,0
9412377,0,0,0,0,0,0,0,0,0
9411202,0,0,0,0,0,0,1,2,2
9411205,0,0,0,0,0,0,0,0,1
9411210,1,1,3,4,5,7,9,13,14
9411207,0,0,0,0,0,0,0,0,0
9411209,0,0,0,0,0,0,0,0,0
9411223,0,1,1,1,1,1,3,3,3
9411224,0,0,1,1,1,1,3,6,7
9411226,0,0,0,0,0,0,0,1,1
9411220,0,0,0,0,0,0,0,0,0
9411221,0,0,0,0,0,0,0,0,0
9411222,0,0,0,0,0,0,0,0,0
9411232,0,0,0,0,0,0,0,0,0
9411234,0,1,1,1,2,4,8,9,9
9411238,0,0,0,0,0,0,4,4,5
9411236,0,0,0,0,0,0,0,0,0
9411237,0,0,0,0,0,0,0,0,0
9411240,0,0,0,0,0,0,0,0,0
9411241,0,0,0,0,0,0,0,0,0
9411242,0,0,0,0,0,0,3,4,4
9411432,0,0,0,0,0,0,0,0,0
9411434,0,0,0,0,0,0,0,0,0
9411435,0,0,0,0,0,0,0,0,0
9411436,0,0,0,0,0,0,0,0,0
9411437,0,0,0,0,0,0,0,0,0
9411438,0,0,0,0,0,0,0,0,0
9411439,0,0,0,0,0,0,0,0,0
9411440,0,0,0,0,0,0,0,0,0
9411441,0,0,0,0,0,0,0,0,0
9411442,0,0,0,0,0,0,0,0,0
9411443,0,0,0,0,0,0,0,0,0
9411444,0,0,0,0,0,0,0,0,0
9411445,0,0,0,0,0,0,0,0,0
9412202,0,0,0,0,0,0,0,0,0
9412204,0,0,0,0,1,1,1,1,1
9412209,0,0,0,1,1,2,4,4,4
9412206,0,0,0,0,0,0,0,0,0
9412207,0,0,0,0,0,1,1,1,1
9412211,0,0,0,0,0,0,0,0,0
9412212,0,0,0,0,0,0,0,0,0
9412215,0,0,0,0,0,0,0,0,0
9412208,0,0,0,0,0,0,1,1,1
9412217,0,0,0,0,0,0,0,0,0
9412218,0,0,1,1,2,2,2,2,2
9412219,0,0,0,0,0,0,0,0,0
9412213,0,0,0,1,1,1,7,12,12
9412221,0,0,0,0,0,0,0,0,0
9412224,0,1,1,1,1,1,1,1,1
9412226,0,0,0,0,0,0,0,0,0
9412227,0,0,0,0,0,0,0,0,0
9412220,0,0,0,0,0,0,2,2,2
9412222,0,0,0,0,0,0,2,2,2
9412228,0,0,2,4,7,9,24,44,45
9412229,0,2,2,2,2,7,17,21,22
9412232,0,0,0,0,0,0,0,1,1
9412235,0,1,1,1,1,1,1,1,1
9412237,0,0,0,1,1,1,1,1,1
9412239,0,0,0,0,1,1,1,1,1
9412236,0,4,6,6,8,11,16,25,25
9412241,0,0,0,0,0,0,0,0,0
9412244,0,0,0,0,0,0,0,0,0
9412242,0,1,1,1,1,1,2,2,2
9412391,0,0,0,0,0,0,0,0,0
9412395,0,0,0,0,0,0,0,0,0
9412396,0,0,0,0,0,0,0,0,0
9412398,0,0,0,0,0,0,0,0,0
9412392,0,0,0,0,0,0,0,0,0
9412393,0,0,0,0,0,0,0,0,0
9412394,0,0,0,0,0,0,0,0,0
9407201,0,0,0,0,0,0,0,0,0
9407202,0,0,0,0,0,0,0,0,0
9407205,0,0,0,0,0,0,0,0,0
9407206,0,0,0,0,0,0,0,0,0
9407207,0,0,0,0,0,0,0,0,0
9407221,0,0,0,0,0,0,0,0,0
9407222,0,0,0,0,0,0,0,0,0
9407223,0,0,0,0,0,0,0,0,0
9407224,0,0,0,0,0,0,0,0,0
9407229,0,0,0,0,0,0,0,0,0
9407230,0,0,0,0,0,0,0,0,0
9407231,0,0,0,0,0,0,0,0,0
9407232,0,0,0,0,0,0,0,0,0
9412351,0,0,0,0,0,0,0,0,0
9407234,0,0,0,0,0,0,0,0,0
9407235,0,0,0,0,0,0,0,0,0
9407236,0,0,0,0,0,0,0,0,0
9407237,0,0,0,0,0,0,0,0,0
9407238,0,0,0,0,0,0,0,0,0
9407239,0,0,0,0,0,0,0,0,0
9407240,0,0,0,0,0,0,0,0,0
9407241,0,0,0,0,0,0,0,0,0
9407242,0,0,0,0,0,0,0,0,0
9401242,0,0,0,0,0,0,0,0,0
9407243,0,0,0,0,0,0,0,0,0
9401243,0,0,0,0,0,0,0,0,0
9401254,0,0,0,0,0,0,0,0,0
9401255,0,0,0,0,0,0,0,0,0
9401258,0,0,0,0,0,0,0,0,0
9401259,0,0,0,0,0,0,0,0,0
9401260,0,0,0,0,0,0,0,0,0
9401261,0,0,0,0,0,0,0,0,0
9401264,0,0,0,0,0,0,0,0,0
9401265,0,0,0,0,0,0,0,0,0
9407244,0,0,0,0,0,0,0,0,0
9401267,0,0,0,0,0,0,0,0,0
9401269,0,0,0,0,0,0,0,0,0
9401274,0,0,0,0,0,0,0,0,0
9401275,0,0,0,0,0,0,0,0,0
9401279,0,0,0,0,0,0,0,0,0
9401280,0,0,0,0,0,0,0,0,0
9401281,0,0,0,0,0,0,0,0,0
9401282,0,0,0,0,0,0,0,0,0
9401284,0,0,0,0,0,0,0,0,0
9401287,0,0,0,0,0,0,0,0,0
9401290,0,0,0,0,0,0,0,0,0
9407245,0,0,0,0,0,0,0,0,0
9401295,0,0,0,0,0,0,0,0,0
9401298,0,0,0,0,0,0,0,0,0
9401300,0,0,0,0,0,0,0,0,0
9401301,0,0,0,0,0,0,0,0,0
9401305,0,0,0,0,0,0,0,0,0
9401310,0,0,0,0,0,0,0,0,0
9401311,0,0,0,0,0,0,0,0,0
9401315,0,0,0,0,0,0,0,0,0
9401316,0,0,0,0,0,0,0,0,0
9407246,0,0,0,0,0,0,0,0,0
9401320,0,0,0,0,0,0,0,0,0
9401325,0,0,0,0,0,0,0,0,0
9401330,0,0,0,0,0,0,0,0,0
9401335,0,0,0,0,0,0,0,0,0
9401336,0,0,0,0,0,0,0,0,0
9401340,0,0,0,0,0,0,0,0,0
9412356,0,0,0,0,0,0,0,0,0
9412357,0,0,0,0,0,0,0,0,0
9412358,0,0,0,0,0,0,0,0,0
9412359,0,0,0,0,0,0,0,0,0
9412334,0,0,0,0,0,0,0,0,0
9402244,0,0,0,0,0,0,0,0,0
9402248,0,0,0,0,0,0,0,0,0
9402264,0,0,0,0,0,0,0,0,0
9402276,0,0,0,0,0,0,0,0,0
9402277,0,0,0,0,0,0,0,0,0
9402281,0,0,0,0,0,0,0,0,0
9402283,0,0,0,0,0,0,0,0,0
9402291,0,0,0,0,0,0,0,0,0
9402294,0,0,0,0,0,0,0,0,0
9402296,0,0,0,0,0,0,0,0,0
9402298,0,0,0,0,0,0,0,0,0
9402299,0,0,0,0,0,0,0,0,0
9402300,0,0,0,0,0,0,0,0,0
9402302,0,0,0,0,0,0,0,0,0
9402310,0,0,0,0,0,0,0,0,0
9402311,0,0,0,0,0,0,0,0,0
9402313,0,0,0,0,0,0,0,0,0
9402320,0,0,0,0,0,0,0,0,0
9402326,0,0,0,0,0,0,0,0,0
9402329,0,0,0,0,0,0,0,0,0
9412364,0,0,0,0,0,0,0,0,0
9412335,0,0,0,0,0,0,0,0,0
9412365,0,0,0,0,0,0,0,0,0
9412366,0,0,0,0,0,0,0,0,0
9412367,0,0,0,0,0,0,0,0,0
9403202,0,0,0,0,0,0,0,0,0
9403203,0,0,0,0,0,0,0,0,0
9403207,0,0,0,0,0,0,0,0,0
9403212,0,0,0,0,0,0,0,0,0
9403214,0,0,0,0,0,0,0,0,0
9403217,0,0,0,0,0,0,0,0,0
9403218,0,0,0,0,0,0,0,0,0
9403221,0,0,0,0,0,0,0,0,0
9403222,0,0,0,0,0,0,0,0,0
9403223,0,0,0,0,0,0,0,0,0
9403227,0,0,0,0,0,0,0,0,0
9403231,0,0,0,0,0,0,0,0,0
9403232,0,0,0,0,0,0,0,0,0
9403237,0,0,0,0,0,0,0,0,0
9403238,0,0,0,0,0,0,0,0,0
9403242,0,0,0,0,0,0,0,0,0
9403243,0,0,0,0,0,0,0,0,0
9403247,0,0,0,0,0,0,0,0,0
9403248,0,0,0,0,0,0,0,0,0
9403253,0,0,0,0,0,0,0,0,0
9403254,0,0,0,0,0,0,0,0,0
9403256,0,0,0,0,0,0,0,0,0
9403258,0,0,0,0,0,0,0,0,0
9403259,0,0,0,0,0,0,0,0,0
9403263,0,0,0,0,0,0,0,0,0
9403268,0,0,0,0,0,0,0,0,0
9403273,0,0,0,0,0,0,0,0,0
9403274,0,0,0,0,0,0,0,0,0
9403276,0,0,0,0,0,0,0,0,0
9403278,0,0,0,0,0,0,0,0,0
9403279,0,0,0,0,0,0,0,0,0
9403282,0,0,0,0,0,0,0,0,0
9403283,0,0,0,0,0,0,0,0,0
9403288,0,0,0,0,0,0,0,0,0
9403289,0,0,0,0,0,0,0,0,0
9403290,0,0,0,0,0,0,0,0,0
9403292,0,0,0,0,0,0,0,0,0
9403293,0,0,0,0,0,0,0,0,0
9403294,0,0,0,0,0,0,0,0,0
9403298,0,0,0,0,0,0,0,0,0
9403300,0,0,0,0,0,0,0,0,0
9403301,0,0,0,0,0,0,0,0,0
9403303,0,0,0,0,0,0,0,0,0
9403308,0,0,0,0,0,0,0,0,0
9403309,0,0,0,0,0,0,0,0,0
9403310,0,0,0,0,0,0,0,0,0
9403311,0,0,0,0,0,0,0,0,0
9403313,0,0,0,0,0,0,0,0,0
9403318,0,0,0,0,0,0,0,0,0
9403323,0,0,0,0,0,0,0,0,0
9403328,0,0,0,0,0,0,0,0,0
9403333,0,0,0,0,0,0,0,0,0
9403338,0,0,0,0,0,0,0,0,0
9403343,0,0,0,0,0,0,0,0,0
9403348,0,0,0,0,0,0,0,0,0
9403353,0,0,0,0,0,0,0,0,0
9403358,0,0,0,0,0,0,0,0,0
9403361,0,0,0,0,0,0,0,0,0
9403363,0,0,0,0,0,0,0,0,0
9403368,0,0,0,0,0,0,0,0,0
9403373,0,0,0,0,0,0,0,0,0
9403376,0,0,0,0,0,0,0,0,0
9403378,0,0,0,0,0,0,0,0,0
9403380,0,0,0,0,0,0,0,0,0
9403383,0,0,0,0,0,0,0,0,0
9403388,0,0,0,0,0,0,0,0,0
9403393,0,0,0,0,0,0,0,0,0
9403398,0,0,0,0,0,0,0,0,0
9403403,0,0,0,0,0,0,0,0,0
9403408,0,0,0,0,0,0,0,0,0
9403410,0,0,0,0,0,0,0,0,0
119401001,0,0,0,0,0,0,0,0,0
119401002,0,0,0,0,0,0,0,0,0
119401003,0,0,0,0,0,0,0,0,0
119401005,0,0,0,0,0,0,0,0,0
119401007,0,0,0,0,0,0,0,0,0
119401009,0,0,0,0,0,0,0,0,0
119401010,0,0,0,0,0,0,0,0,0
119401011,0,0,0,0,0,0,0,0,0
119401014,0,0,0,0,0,0,0,0,0
119401016,0,0,0,0,0,0,0,0,0
119401017,0,0,0,0,0,0,0,0,0
119401018,0,0,0,0,0,0,0,0,0
119401020,0,0,0,0,0,0,0,0,0
119401022,0,0,0,0,0,0,0,0,0
9412371,0,0,0,0,0,0,0,0,0
119401033,0,0,0,0,0,0,0,0,0
119401034,0,0,0,0,0,0,0,0,0
119401035,0,0,0,0,0,0,0,0,0
119401039,0,0,0,0,0,0,0,0,0
119401043,0,0,0,0,0,0,0,0,0
119401046,0,0,0,0,0,0,0,0,0
119401052,0,0,0,0,0,0,0,0,0
119401099,0,0,0,0,0,0,0,0,0
119401105,0,0,0,0,0,0,0,0,0
119401115,0,0,0,0,0,0,0,0,0
119401134,0,0,0,0,0,0,0,0,0
119401138,0,0,0,0,0,0,0,0,0
119401145,0,0,0,0,0,0,0,0,0
119401153,0,0,0,0,0,0,0,0,0
9412372,0,0,0,0,0,0,0,0,0
119402004,0,0,0,0,0,0,0,0,0
119402005,0,0,0,0,0,0,0,0,0
119402007,0,0,0,0,0,0,0,0,0
119402009,0,0,0,0,0,0,0,0,0
119402010,0,0,0,0,0,0,0,0,0
119402012,0,0,0,0,0,0,0,0,0
119402015,0,0,0,0,0,0,0,0,0
119402016,0,0,0,0,0,0,0,0,0
119402017,0,0,0,0,0,0,0,0,0
119402018,0,0,0,0,0,0,0,0,0
119402019,0,0,0,0,0,0,0,0,0
119402021,0,0,0,0,0,0,0,0,0
119402024,0,0,0,0,0,0,0,0,0
119402031,0,0,0,0,0,0,0,0,0
119402033,0,0,0,0,0,0,0,0,0
119402044,0,0,0,0,0,0,0,0,0
119402055,0,0,0,0,0,0,0,0,0
119402060,0,0,0,0,0,0,0,0,0
119402071,0,0,0,0,0,0,0,0,0
119402077,0,0,0,0,0,0,0,0,0
119402078,0,0,0,0,0,0,0,0,0
119402115,0,0,0,0,0,0,0,0,0
119402117,0,0,0,0,0,0,0,0,0
119402128,0,0,0,0,0,0,0,0,0
9412373,0,0,0,0,0,0,0,0,0
9412374,0,0,0,0,0,0,0,0,0
119403001,0,0,0,0,0,0,0,0,0
119403005,0,0,0,0,0,0,0,0,0
119403010,0,0,0,0,0,0,0,0,0
119403011,0,0,0,0,0,0,0,0,0
119403012,0,0,0,0,0,0,0,0,0
119403013,0,0,0,0,0,0,0,0,0
119403014,0,0,0,0,0,0,0,0,0
119403018,0,0,0,0,0,0,0,0,0
119403021,0,0,0,0,0,0,0,0,0
119403027,0,0,0,0,0,0,0,0,0
119403028,0,0,0,0,0,0,0,0,0
119403034,0,0,0,0,0,0,0,0,0
119403051,0,0,0,0,0,0,0,0,0
119403054,0,0,0,0,0,0,0,0,0
119403056,0,0,0,0,0,0,0,0,0
119403058,0,0,0,0,0,0,0,0,0
119403074,0,0,0,0,0,0,0,0,0
119403095,0,0,0,0,0,0,0,0,0
119403128,0,0,0,0,0,0,0,0,0
119403133,0,0,0,0,0,0,0,0,0
119403145,0,0,0,0,0,0,0,0,0
119403146,0,0,0,0,0,0,0,0,0
119403147,0,0,0,0,0,0,0,0,0
119403158,0,0,0,0,0,0,0,0,0
119403165,0,0,0,0,0,0,0,0,0
119403173,0,0,0,0,0,0,0,0,0
119403174,0,0,0,0,0,0,0,0,0
119403198,0,0,0,0,0,0,0,0,0
9412375,0,0,0,0,0,0,0,0,0
119404001,0,0,0,0,0,0,0,0,0
119404005,0,0,0,0,0,0,0,0,0
119404010,0,0,0,0,0,0,0,0,0
119404012,0,0,0,0,0,0,0,0,0
119404015,0,0,0,0,0,0,0,0,0
119404018,0,0,0,0,0,0,0,0,0
119404022,0,0,0,0,0,0,0,0,0
119404031,0,0,0,0,0,0,0,0,0
119404040,0,0,0,0,0,0,0,0,0
119404044,0,0,0,0,0,0,0,0,0
119404049,0,0,0,0,0,0,0,0,0
119404059,0,0,0,0,0,0,0,0,0
119404076,0,0,0,0,0,0,0,0,0
119404078,0,0,0,0,0,0,0,0,0
119404079,0,0,0,0,0,0,0,0,0
119404085,0,0,0,0,0,0,0,0,0
119404088,0,0,0,0,0,0,0,0,0
119404100,0,0,0,0,0,0,0,0,0
119404134,0,0,0,0,0,0,0,0,0
119404143,0,0,0,0,0,0,0,0,0
119404155,0,0,0,0,0,0,0,0,0
119404156,0,0,0,0,0,0,0,0,0
119404173,0,0,0,0,0,0,0,0,0
119404176,0,0,0,0,0,0,0,0,0
119404193,0,0,0,0,0,0,0,0,0
9404238,0,0,0,0,0,0,0,0,0
9404239,0,0,0,0,0,0,0,0,0
9404240,0,0,0,0,0,0,0,0,0
9404241,0,0,0,0,0,0,0,0,0
9404243,0,0,0,0,0,0,0,0,0
9404245,0,0,0,0,0,0,0,0,0
9404250,0,0,0,0,0,0,0,0,0
9404256,0,0,0,0,0,0,0,0,0
9404258,0,0,0,0,0,0,0,0,0
9404263,0,0,0,0,0,0,0,0,0
9404264,0,0,0,0,0,0,0,0,0
9404270,0,0,0,0,0,0,0,0,0
9404272,0,0,0,0,0,0,0,0,0
9404273,0,0,0,0,0,0,0,0,0
9404275,0,0,0,0,0,0,0,0,0
9404285,0,0,0,0,0,0,0,0,0
9404288,0,0,0,0,0,0,0,0,0
9404299,0,0,0,0,0,0,0,0,0
119405001,0,0,0,0,0,0,0,0,0
119405002,0,0,0,0,0,0,0,0,0
119405003,0,0,0,0,0,0,0,0,0
119405004,0,0,0,0,0,0,0,0,0
119405005,0,0,0,0,0,0,0,0,0
119405007,0,0,0,0,0,0,0,0,0
119405008,0,0,0,0,0,0,0,0,0
119405012,0,0,0,0,0,0,0,0,0
119405014,0,0,0,0,0,0,0,0,0
119405021,0,0,0,0,0,0,0,0,0
119405022,0,0,0,0,0,0,0,0,0
119405024,0,0,0,0,0,0,0,0,0
119405025,0,0,0,0,0,0,0,0,0
119405028,0,0,0,0,0,0,0,0,0
119405036,0,0,0,0,0,0,0,0,0
119405040,0,0,0,0,0,0,0,0,0
119405044,0,0,0,0,0,0,0,0,0
9404313,0,0,0,0,0,0,0,0,0
9404314,0,0,0,0,0,0,0,0,0
119405055,0,0,0,0,0,0,0,0,0
119405057,0,0,0,0,0,0,0,0,0
119405064,0,0,0,0,0,0,0,0,0
119405120,0,0,0,0,0,0,0,0,0
119405127,0,0,0,0,0,0,0,0,0
119405137,0,0,0,0,0,0,0,0,0
119405145,0,0,0,0,0,0,0,0,0
119405155,0,0,0,0,0,0,0,0,0
119405163,0,0,0,0,0,0,0,0,0
119405173,0,0,0,0,0,0,0,0,0
9404338,0,0,0,0,0,0,0,0,0
119405187,0,0,0,0,0,0,0,0,0
119405188,0,0,0,0,0,0,0,0,0
119405190,0,0,0,0,0,0,0,0,0
119405196,0,0,0,0,0,0,0,0,0
9404363,0,0,0,0,0,0,0,0,0
119406001,0,0,0,0,0,0,0,0,0
119406003,0,0,0,0,0,0,0,0,0
119406005,0,0,0,0,0,0,0,0,0
119406007,0,0,0,0,0,0,0,0,0
119406011,0,0,0,0,0,0,0,0,0
119406015,0,0,0,0,0,0,0,0,0
119406016,0,0,0,0,0,0,0,0,0
119406018,0,0,0,0,0,0,0,0,0
119406020,0,0,0,0,0,0,0,0,0
119406023,0,0,0,0,0,0,0,0,0
119406026,0,0,0,0,0,0,0,0,0
119406029,0,0,0,0,0,0,0,0,0
119406030,0,0,0,0,0,0,0,0,0
119406032,0,0,0,0,0,0,0,0,0
119406035,0,0,0,0,0,0,0,0,0
119406036,0,0,0,0,0,0,0,0,0
119406040,0,0,0,0,0,0,0,0,0
119406046,0,0,0,0,0,0,0,0,0
119406047,0,0,0,0,0,0,0,0,0
119406056,0,0,0,0,0,0,0,0,0
119406064,0,0,0,0,0,0,0,0,0
119406069,0,0,0,0,0,0,0,0,0
119406073,0,0,0,0,0,0,0,0,0
119406132,0,0,0,0,0,0,0,0,0
119406134,0,0,0,0,0,0,0,0,0
119406160,0,0,0,0,0,0,0,0,0
119406188,0,0,0,0,0,0,0,0,0
119406208,0,0,0,0,0,0,0,0,0
